IdProductoBodega,IdProducto,producto_codigo,producto_nombre,IdUbicacion,ubicacion_codigo,IdProductoEstado,estado,Lote,lic_plate,filas_duplicadas,un_totales,primera_fecha,ultima_fecha
1261,253,WMS45,GUINDAS FRUTALIA CON TALLO 12/908GR 32OZ,371,2A3,1,BUEN ESTADO,2C2601,0,13,78.0,2026-02-06 12:11:50.377000,2026-03-20 06:28:29.200000
1216,244,WMS384,GUINDA FRUTALIA C/TALLO GALON CUBETA PLASTICA CAJA 4/4256GR 150OZ,294,1D3,1,BUEN ESTADO,CC2601,FU07555,12,24.0,2026-03-04 12:42:37.827000,2026-03-04 12:42:37.827000
1511,303,WMS92,MELOCOTON MIGUELS MITADES 6/2650GR 93.5OZ GALON,1038,1A1,1,BUEN ESTADO,24217,FU06050,10,94.0,2026-01-27 09:47:59.917000,2026-01-27 09:47:59.917000
171,35,WMS123,PALMITOS MIGUELS ENTEROS 12/850GR 30OZ,937,1B4,1,BUEN ESTADO,18.29124,0,10,60.0,2025-11-29 11:29:55,2025-11-29 11:29:55
281,57,WMS146,ACEITUNA RELLENA DE PIMIENTO EXCELENCIA 6/3000GR GALON,214,3B1,1,BUEN ESTADO,25148AG,FU07964,9,193.0,2026-03-19 09:18:06.297000,2026-03-19 09:18:06.297000
171,35,WMS123,PALMITOS MIGUELS ENTEROS 12/850GR 30OZ,812,1A3,1,BUEN ESTADO,2124625,FU06841,9,54.0,2026-02-12 12:20:37.400000,2026-02-12 12:20:37.400000
1506,302,WMS91,ALCACHOFA KILLIOS 12/390 GRS.13.8OZ A8,385,3C1,1,BUEN ESTADO,5175,0,9,54.0,2025-11-29 10:15:33,2025-11-29 12:15:31
671,135,WMS219,PEPINILLOS MIGUELS ENTEROS 12/908GR 32OZ,67,1C4,1,BUEN ESTADO,75.34925,FU06663,9,53.0,2026-02-09 06:31:19.770000,2026-02-09 06:31:19.770000
485,97,WMS184,ATUN LATA EN AGUA COSTA BRAVA 32/170GR 6oz,1305,15A3,1,BUEN ESTADO,S78E2CBNNA1VAP,57000102,8,4992.0,2026-04-20 12:54:10.497000,2026-04-20 12:54:10.950000
1191,239,WMS34,ACEITUNAS MIGUELS RELLENAS DE PIMIENTO 24/227GR 8OZ,68,1D4,1,BUEN ESTADO,0125925,0,8,570.0,2025-11-28 17:40:58,2026-02-20 11:47:16.770000
686,138,WMS221,MANDARINA EN ALMIBAR MIGUELS 12/800GR,878,1C4,1,BUEN ESTADO,DLF25428,FU06711,8,102.0,2026-02-10 10:16:44.460000,2026-02-10 10:16:44.460000
1361,273,WMS64,MAIZ DULCE KILLIOS 24/241 GRS 8.5OZ,655,1A1,1,BUEN ESTADO,E5F8014,0,8,86.0,2025-11-28 17:32:29,2025-11-28 17:32:29
686,138,WMS221,MANDARINA EN ALMIBAR MIGUELS 12/800GR,878,1C4,1,BUEN ESTADO,DLF25428,0,8,48.0,2025-11-29 09:19:20,2025-11-29 10:41:08
1216,244,WMS384,GUINDA FRUTALIA C/TALLO GALON CUBETA PLASTICA CAJA 4/4256GR 150OZ,311,2A3,1,BUEN ESTADO,CC2601,FU08215,8,16.0,2026-03-26 08:25:51.293000,2026-03-26 08:25:51.293000
1491,299,WMS89,CHAMPINONES KILLIOS 24/400GRMS 14.1OZ,796,4A4,8,REEMPACAR,891,FU06402,7,2520.0,2026-02-05 10:43:32.883000,2026-02-05 10:43:32.883000
2205,316,WMS283,ACEITE DE OLIVA VIRGEN EXTRA CON AROMA A AJO LA ESPANOLA 12/250 ML,532,4B3,1,BUEN ESTADO,02425,0,7,692.0,2025-11-29 13:35:38,2025-11-29 13:35:38
631,127,WMS210,SALSA KILLIOS-PREMIO DE TOMATE ARRABIATA 12/350GR,707,3A4,1,BUEN ESTADO,425031,0,7,593.0,2025-11-29 11:38:49,2025-11-29 12:34:33
216,44,WMS132,ACEITUNAS EXCELENCIA NEGRAS EN RODAJA 6/3000GRS 105.8OZ,793,4B3,16,MAL ESTADO,25076AG,FU07250,7,153.0,2026-02-24 08:20:55.250000,2026-02-24 08:20:55.250000
61,13,WMS102,ALCAPARRAS NONPAREILLES DON LAZARO 8/450GR,324,3B1,1,BUEN ESTADO,30042025102,FU08450,7,48.0,2026-04-09 13:13:09.793000,2026-04-09 13:13:09.793000
1216,244,WMS384,GUINDA FRUTALIA C/TALLO GALON CUBETA PLASTICA CAJA 4/4256GR 150OZ,349,1C2,1,BUEN ESTADO,CC2601,FU07373,7,48.0,2026-02-26 08:20:03.140000,2026-02-26 08:20:03.140000
1276,256,WMS48,PERAS VIDRIO MIGUELS MITADES FRASCO 12/908GR 32OZ,314,2D3,1,BUEN ESTADO,2224624,0,7,42.0,2025-11-28 17:34:01,2025-11-28 17:34:01
1506,302,WMS91,ALCACHOFA KILLIOS 12/390 GRS.13.8OZ A8,385,3C1,1,BUEN ESTADO,5161,FU07400,7,42.0,2026-02-27 09:09:41.893000,2026-02-27 09:09:41.893000
1216,244,WMS384,GUINDA FRUTALIA C/TALLO GALON CUBETA PLASTICA CAJA 4/4256GR 150OZ,293,1C3,1,BUEN ESTADO,CC2601,FU07552,7,13.0,2026-03-04 12:35:46.097000,2026-03-04 12:35:46.097000
510,102,WMS189,ATUN LATA EN ACEITE COSTA BRAVA 32/170GR 6OZ,1281,14A1,1,BUEN ESTADO,S78E2COYNA1VAP,57000095,6,4032.0,2026-04-20 12:54:11.277000,2026-04-20 12:54:11.560000
1426,286,WMS76,PEPINILLOS MIGUELS ENTEROS 24/215GR 7.5OZ,966,3C1,8,REEMPACAR,75.10326,FU08653,6,2640.0,2026-04-15 12:21:02.737000,2026-04-15 12:21:45.023000
2217,318,WMS285,ACEITE OLIVA VIRGEN EXTRA LA ESPANOLA SPRAY 8/200ML,422,1D5,1,BUEN ESTADO,02125,0,6,691.0,2025-11-28 13:55:50,2025-11-28 17:09:31
656,132,WMS215,VINAGRE BALSAMICO DE MODENA DON LAZARO 12/500ML,525,4C1,1,BUEN ESTADO,24051BS,FU06768,6,84.0,2026-02-11 08:43:06.173000,2026-02-11 08:43:06.173000
1176,236,WMS33,ACEITUNAS MIGUELS RELLENAS DE PIMIENTO 24/454GR 16OZ,160,3D2,1,BUEN ESTADO,0125125,0,6,81.0,2025-11-29 11:05:17,2025-11-29 11:24:31
1201,241,WMS36,GUINDA FRUTALIA CON TALLO 4/1 GALON VIDRIO/4256GRS 150OZ,298,1D4,1,BUEN ESTADO,GS2511,FU04633,6,58.0,2025-12-05 14:02:35.723000,2025-12-05 14:02:35.723000
941,189,WMS272,ELOTITOS TIERNOS MIGUELS ENTERO 12/908GR 32OZ,202,2B3,1,BUEN ESTADO,70.05625,0,6,36.0,2025-11-29 09:22:02,2025-11-29 09:25:55
1431,287,WMS77,PEPINILLOS MIGUELS ROD. HAMBURGUESA 12/440GR 15.5OZ,246,4B4,1,BUEN ESTADO,75.34925,FU07011,6,36.0,2026-02-17 11:44:16.657000,2026-02-17 11:44:16.657000
1506,302,WMS91,ALCACHOFA KILLIOS 12/390 GRS.13.8OZ A8,385,3C1,1,BUEN ESTADO,5175,FU07399,6,36.0,2026-02-27 09:08:52.050000,2026-02-27 09:08:52.050000
686,138,WMS221,MANDARINA EN ALMIBAR MIGUELS 12/800GR,529,4C2,1,BUEN ESTADO,DLF25428,FU07259,6,36.0,2026-02-24 08:39:33.857000,2026-02-24 08:39:33.857000
171,35,WMS123,PALMITOS MIGUELS ENTEROS 12/850GR 30OZ,242,4B3,1,BUEN ESTADO,2129525,0,6,36.0,2025-11-29 13:22:05,2025-11-29 13:22:05
186,38,WMS127,MOSTAZA DIJON DON LAZARO 12/350GR,116,1D1,1,BUEN ESTADO,395431,FU05375,6,35.0,2026-01-09 09:13:40.650000,2026-01-09 09:13:40.650000
1216,244,WMS384,GUINDA FRUTALIA C/TALLO GALON CUBETA PLASTICA CAJA 4/4256GR 150OZ,43,6A1,1,BUEN ESTADO,CS2601,FU08969,6,24.0,2026-04-23 11:49:42.467000,2026-04-23 11:49:42.467000
1201,241,WMS36,GUINDA FRUTALIA CON TALLO 4/1 GALON VIDRIO/4256GRS 150OZ,297,1C4,1,BUEN ESTADO,mm,0,6,12.0,2025-11-28 12:17:40,2025-11-28 12:17:40
741,149,WMS231,MELOCOTON KILLIOS MITADES 24/410 GRS,428,2B2,1,BUEN ESTADO,24223,0,5,1266.0,2025-11-29 11:36:51,2025-11-29 11:45:28
1331,267,WMS59,MAIZ DULCE DE LA CIMA 24/241 GRS.,875,1D3,8,REEMPACAR,25206,FU05529,5,1200.0,2026-01-13 11:20:10.497000,2026-01-13 11:20:10.497000
316,64,WMS152,ACEITUNA EXCELENCIA R. ANCHOA 15/350 GR 12OZ,720,PICKING,1,BUEN ESTADO,25178AG,FU07809,5,765.0,2026-03-13 10:07:40.263000,2026-03-13 10:07:40.263000
1446,290,WMS80,ELOTITOS TIERNOS MIGUELS ENTEROS 24/200GR 7OZ,498,2D4,1,BUEN ESTADO,70.19125,0,5,504.0,2025-11-29 14:21:34.670000,2025-11-29 14:21:34.670000
686,138,WMS221,MANDARINA EN ALMIBAR MIGUELS 12/800GR,878,1C4,1,BUEN ESTADO,DLF25428,FU07524,5,456.0,2026-03-04 08:02:01.853000,2026-03-04 08:02:01.853000
1506,302,WMS91,ALCACHOFA KILLIOS 12/390 GRS.13.8OZ A8,386,3D1,1,BUEN ESTADO,5175,FU07911,5,402.0,2026-03-18 09:23:39.227000,2026-03-18 09:23:39.227000
171,35,WMS123,PALMITOS MIGUELS ENTEROS 12/850GR 30OZ,332,3B3,1,BUEN ESTADO,2133025,FU04925,5,348.0,2025-12-16 13:22:17.020000,2025-12-16 13:22:17.020000
216,44,WMS132,ACEITUNAS EXCELENCIA NEGRAS EN RODAJA 6/3000GRS 105.8OZ,464,1B1,1,BUEN ESTADO,26034AG,FU08884,5,159.0,2026-04-21 10:34:46.827000,2026-04-21 10:34:46.827000
726,146,WMS229,MELOCOTON KILLIOS MITADES 12/820 GR 29OZ,145,2A4,1,BUEN ESTADO,24249,FU05307,5,98.0,2026-01-06 12:43:58.277000,2026-01-06 12:43:58.277000
1336,268,WMS6,PALMITOS MIGUELS ENTEROS 24/200GR 7OZ,882,1C5,1,BUEN ESTADO,18.24725,0,5,84.0,2025-11-29 10:51:34,2025-11-29 10:51:34
1406,282,WMS72,GUINDAS FRUTALIA SIN TALLO 24/454GR 16OZ,348,1B2,1,BUEN ESTADO,6S2507,FU04652,5,60.0,2025-12-05 14:39:45.830000,2025-12-05 14:39:45.830000
1171,235,WMS328,HONGOS NAMEKO KILLIOS 12/250 GRS.,421,1C5,1,BUEN ESTADO,1270,0,5,58.0,2025-11-28 11:17:42,2025-11-29 14:09:24
1316,264,WMS56,MAIZ DULCE MIGUELS 24/425GR 15OZ,215,3C1,1,BUEN ESTADO,E2F8014,FU07124,5,55.0,2026-02-20 06:44:11.033000,2026-02-20 06:44:11.033000
1446,290,WMS80,ELOTITOS TIERNOS MIGUELS ENTEROS 24/200GR 7OZ,88,2D4,1,BUEN ESTADO,MM,FU05133,5,51.0,2025-12-26 07:42:31.340000,2025-12-26 07:42:31.340000
1511,303,WMS92,MELOCOTON MIGUELS MITADES 6/2650GR 93.5OZ GALON,1035,1A1,1,BUEN ESTADO,24210,FU08646,5,51.0,2026-04-15 11:36:55.707000,2026-04-15 11:36:55.707000
161,33,WMS121,PINA MIGUELS EN TROZOS 12/820GR 29OZ,53,1A1,1,BUEN ESTADO,2404826,FU07355,5,51.0,2026-02-26 06:37:15.213000,2026-02-26 06:37:15.213000
771,155,WMS237,ACEITUNA EXCELENCIA DOYPACK S/HUESO 16/170 GR 6OZ,424,2B1,1,BUEN ESTADO,25260AG,FU05321,5,40.0,2026-01-07 08:06:10.957000,2026-01-07 08:06:10.957000
171,35,WMS123,PALMITOS MIGUELS ENTEROS 12/850GR 30OZ,704,3B3,1,BUEN ESTADO,18.33424,0,5,30.0,2025-11-29 16:02:16,2025-11-29 16:02:16
186,38,WMS127,MOSTAZA DIJON DON LAZARO 12/350GR,116,1D1,1,BUEN ESTADO,395431,FU07729,5,30.0,2026-03-12 09:15:29.070000,2026-03-12 09:15:29.070000
1506,302,WMS91,ALCACHOFA KILLIOS 12/390 GRS.13.8OZ A8,385,3C1,1,BUEN ESTADO,5161,FU05116,5,30.0,2025-12-26 06:59:26.307000,2025-12-26 06:59:26.307000
1296,260,WMS52,"HIGO DE PRIMERA MIGUELS ENTERO LATA 6/1 GALON 3,115g",445,3C1,1,BUEN ESTADO,0918325,FU04979,5,15.0,2025-12-17 13:04:16.397000,2025-12-17 13:04:16.397000
1216,244,WMS384,GUINDA FRUTALIA C/TALLO GALON CUBETA PLASTICA CAJA 4/4256GR 150OZ,349,1C2,1,BUEN ESTADO,CC2501,FU06396,5,10.0,2026-02-05 08:30:50.637000,2026-02-05 08:30:50.637000
1216,244,WMS384,GUINDA FRUTALIA C/TALLO GALON CUBETA PLASTICA CAJA 4/4256GR 150OZ,349,1C2,1,BUEN ESTADO,CC2601,FU05835,5,10.0,2026-01-22 06:32:26.930000,2026-01-22 06:32:26.930000
396,80,WMS169,CHILE PIMIENTO KILLIOS 24/185 GR 6.5OZ,784,4A1,16,MAL ESTADO,23200CM,0,4,4755.0,2025-11-28 14:25:35,2025-11-29 13:08:55
2211,317,WMS284,ACEITE DE SESAMO AJONJOLI LA ESPANOLA 6/250 ML,778,3C4,1,BUEN ESTADO,06925,0,4,1464.0,2025-11-29 11:03:41,2025-11-29 11:04:01
36,8,WMS387,TOMATE DESHIDRATADO EN ACEITE KILLIOS-PREMIO 12/200GR,751,2D2,1,BUEN ESTADO,11042025105,0,4,1451.0,2025-11-29 06:57:34,2025-11-29 06:57:34
396,80,WMS169,CHILE PIMIENTO KILLIOS 24/185 GR 6.5OZ,773,3B3,16,MAL ESTADO,23200CM,0,4,1440.0,2025-11-28 14:25:35,2025-11-29 13:05:44
726,146,WMS229,MELOCOTON KILLIOS MITADES 12/820 GR 29OZ,138,2B2,1,BUEN ESTADO,24249,FU05335,4,960.0,2026-01-07 08:44:07.690000,2026-01-07 09:08:53.050000
726,146,WMS229,MELOCOTON KILLIOS MITADES 12/820 GR 29OZ,134,2B1,1,BUEN ESTADO,24249,FU05309,4,948.0,2026-01-06 12:46:22.450000,2026-01-06 12:52:33.823000
726,146,WMS229,MELOCOTON KILLIOS MITADES 12/820 GR 29OZ,145,2A4,1,BUEN ESTADO,24249,FU06380,4,930.0,2026-01-06 12:43:58.277000,2026-02-04 11:47:17.293000
1331,267,WMS59,MAIZ DULCE DE LA CIMA 24/241 GRS.,875,1D3,1,BUEN ESTADO,25206,FU07397,4,912.0,2026-01-15 12:51:40.293000,2026-02-27 09:05:06.087000
166,34,WMS122,PINA MIGUELS EN RODAJA 12/820GR 29OZ,56,1D1,1,BUEN ESTADO,2406426,FU08063,4,744.0,2026-03-20 12:14:51.317000,2026-03-20 12:47:14.867000
306,62,WMS150,ACEITUNA EXCELENCIA R.PIMIENTO 12/300 GR 10.5OZ,347,1A2,1,BUEN ESTADO,25254AG,FU04540,4,654.0,2025-12-04 16:47:17.407000,2025-12-04 16:47:17.407000
1356,272,WMS63,GUINDAS FRUTALIA CON TALLO 24/270GR 9.5OZ,488,2B2,1,BUEN ESTADO,9C2601,FU06498,4,540.0,2026-02-06 12:01:38.710000,2026-02-06 12:01:38.710000
46,10,WMS10,PACAYITAS MIGUELS 12/908GR 32OZ,360,1B5,1,BUEN ESTADO,mm,0,4,450.0,2025-11-28 16:50:48,2025-11-28 16:50:48
591,119,WMS203,ACEITE OLIVA VIRGEN EXTRA DON LAZARO 12/250ML,696,3B1,1,BUEN ESTADO,26019F42,FU08135,4,438.0,2026-03-24 12:33:36.863000,2026-03-24 12:33:36.863000
446,90,WMS178,PALMITO MIGUELS EN RODAJAS 12/908GR 32OZ,376,2B4,1,BUEN ESTADO,MM,FU05123,4,426.0,2025-12-26 07:21:09.510000,2025-12-26 07:21:09.510000
451,91,WMS179,MERMELADA ADRIANNA FRESA 12/330GR 11.5OZ,286,1D1,1,BUEN ESTADO,28012030,FU08888,4,372.0,2026-04-21 10:39:42.907000,2026-04-21 10:39:42.907000
2235,321,WMS396,ACEITUNAS EXCELENCIA VERDES RELLENAS DE PASTA DE PIMIENTO POUCH 10/1700GR,932,1A3,1,BUEN ESTADO,25255AG,FU04827,4,318.0,2025-12-12 11:33:50.370000,2025-12-12 11:33:50.370000
171,35,WMS123,PALMITOS MIGUELS ENTEROS 12/850GR 30OZ,849,3B2,20,PRICESMART,2124625,FU06841,4,180.0,2026-02-12 12:20:37.400000,2026-02-12 12:20:37.400000
1511,303,WMS92,MELOCOTON MIGUELS MITADES 6/2650GR 93.5OZ GALON,1035,1A1,1,BUEN ESTADO,24214,FU08169,4,126.0,2026-03-25 09:49:35.557000,2026-03-25 09:49:35.557000
1511,303,WMS92,MELOCOTON MIGUELS MITADES 6/2650GR 93.5OZ GALON,1035,1A1,1,BUEN ESTADO,24216,FU08913,4,90.0,2026-04-22 09:14:58.967000,2026-04-22 09:14:58.967000
1511,303,WMS92,MELOCOTON MIGUELS MITADES 6/2650GR 93.5OZ GALON,1038,1A1,1,BUEN ESTADO,24214,FU07730,4,60.0,2026-03-12 09:16:12.920000,2026-03-12 09:16:12.920000
531,107,WMS193,DULCE DE LECHE LA CONDESA MANGA 30/1lbs.,372,2B3,1,BUEN ESTADO,HP1506/L2,FU05094,4,60.0,2025-12-23 12:16:31.413000,2025-12-23 12:16:31.413000
91,19,WMS109,MIEL LOS TILOS OSO 24/340GR 12OZ,513,3C3,1,BUEN ESTADO,8625,0,4,48.0,2025-11-28 11:44:49,2025-11-28 11:44:49
71,15,WMS105,GUINDA KILLIOS 24/227GR 8OZ,370,2D2,1,BUEN ESTADO,8S2601,FU08233,4,48.0,2026-03-27 06:57:30.753000,2026-03-27 06:57:30.753000
86,18,WMS108,MIEL LOS TILOS 24/730GR 25.8OZ,410,1D2,1,BUEN ESTADO,00626,FU06059,4,48.0,2026-01-27 10:50:12.027000,2026-01-27 10:50:12.027000
1481,297,WMS87,CHAMPINONES KILLIOS 24/184GRMS 4.5OZ,676,2B1,1,BUEN ESTADO,698,FU04529,4,48.0,2025-12-04 16:22:34.147000,2025-12-04 16:22:34.147000
1316,264,WMS56,MAIZ DULCE MIGUELS 24/425GR 15OZ,215,3C1,1,BUEN ESTADO,E2F8045,FU06191,4,48.0,2026-01-29 10:46:49.443000,2026-01-29 10:46:49.443000
1136,228,WMS32,ACEITUNAS MIGUELS RELLENAS DOY PACK 24/200GR 7OZ,472,1B3,1,BUEN ESTADO,1.15825,0,4,48.0,2025-11-29 06:36:03,2025-11-29 06:36:03
1406,282,WMS72,GUINDAS FRUTALIA SIN TALLO 24/454GR 16OZ,348,1B2,1,BUEN ESTADO,MM332-23,0,4,44.0,2025-11-28 12:26:50,2025-11-28 12:26:50
1491,299,WMS89,CHAMPINONES KILLIOS 24/400GRMS 14.1OZ,677,2C1,1,BUEN ESTADO,707,FU05033,4,44.0,2025-12-18 14:38:33.320000,2025-12-18 14:38:33.320000
76,16,WMS106,GUINDA KILLIOS 24/454GR 16OZ,467,1A2,1,BUEN ESTADO,121-25,0,4,41.0,2025-11-28 14:32:20,2025-11-28 14:32:20
1491,299,WMS89,CHAMPINONES KILLIOS 24/400GRMS 14.1OZ,677,2C1,1,BUEN ESTADO,772,FU05853,4,29.0,2026-01-22 09:29:56.747000,2026-01-22 09:29:56.747000
1506,302,WMS91,ALCACHOFA KILLIOS 12/390 GRS.13.8OZ A8,385,3C1,1,BUEN ESTADO,5175,FU07911,4,24.0,2026-03-18 09:23:39.227000,2026-03-18 09:23:39.227000
1431,287,WMS77,PEPINILLOS MIGUELS ROD. HAMBURGUESA 12/440GR 15.5OZ,183,1C3,1,BUEN ESTADO,75.34925,FU05159,4,24.0,2025-12-26 13:46:03.757000,2025-12-26 13:46:03.757000
166,34,WMS122,PINA MIGUELS EN RODAJA 12/820GR 29OZ,55,1C1,1,BUEN ESTADO,1865,FU07051,4,24.0,2026-02-18 10:41:03.113000,2026-02-18 10:41:03.113000
171,35,WMS123,PALMITOS MIGUELS ENTEROS 12/850GR 30OZ,704,3B3,1,BUEN ESTADO,18.23825,0,4,24.0,2025-11-28 16:51:46,2025-11-28 16:51:46
586,118,WMS202,ACEITE OLIVA VIRGEN EXTRA DON LAZARO 12/1 LT,61,1A3,1,BUEN ESTADO,25198F42,0,4,24.0,2025-11-29 07:32:49,2025-11-29 16:00:09
366,74,WMS161,GARBANZOS KILLIOS 12/800 GR 28OZ,75,2C1,1,BUEN ESTADO,191X,FU07813,4,23.0,2026-03-13 10:10:27.740000,2026-03-13 10:10:27.740000
1396,280,WMS70,HIGOS EN ALMIBAR ENTEROS MIGUELS LATA 12/850g 30oz,119,1C2,1,BUEN ESTADO,0915425,FU07488,4,22.0,2026-03-03 12:21:37.930000,2026-03-03 12:21:37.930000
216,44,WMS132,ACEITUNAS EXCELENCIA NEGRAS EN RODAJA 6/3000GRS 105.8OZ,463,1A1,1,BUEN ESTADO,26034AG,FU08580,4,15.0,2026-04-14 08:23:26.297000,2026-04-14 08:23:26.297000
516,104,WMS190,DULCE DE LECHE LA CONDESA CUBETA 4/5kg 176.37OZ,451,3A3,1,BUEN ESTADO,HP1510/L2,FU05100,4,10.0,2025-12-23 12:28:22.710000,2025-12-23 12:28:22.710000
651,131,WMS214,VINAGRE DE VINO TINTO MERLOT DON LAZARO 6/500ML,471,1A3,1,BUEN ESTADO,359511,0,4,10.0,2025-11-28 12:14:28,2025-11-29 12:03:30
1241,249,WMS41,GUINDA VERDE FRUTALIA 4/1 CUBETA 4256 GRS 150OZ,353,1C3,1,BUEN ESTADO,CV2601,FU08214,4,10.0,2026-03-26 08:24:55.480000,2026-03-26 08:24:55.480000
1211,243,WMS383,GUINDA FRUTALIA S/TALLO GALON CUBETA PLASTICA CAJA 4/4256GR 150OZ,326,3D1,1,BUEN ESTADO,CS2601,FU06167,4,8.0,2026-01-29 07:00:22.543000,2026-01-29 07:00:22.543000
1211,243,WMS383,GUINDA FRUTALIA S/TALLO GALON CUBETA PLASTICA CAJA 4/4256GR 150OZ,326,3D1,1,BUEN ESTADO,CS2601,FU08210,4,8.0,2026-03-26 08:19:59.347000,2026-03-26 08:19:59.347000
2247,323,WMS398,MANGO MIGUELS FRUTISIMAS 7/ 2 PACK 1280G,789,4B2,20,PRICESMART,80.13025,FU08524,4,7.0,2026-04-10 09:48:15.837000,2026-04-10 12:06:43.107000
691,139,WMS222,OBLEAS CON AREQUIPE LA CONDESA 12/280 GRS,47,6A3,1,BUEN ESTADO,HP1548/L4,FU07013,4,6.0,2026-02-17 12:21:25.257000,2026-02-17 12:21:25.257000
481,97,WMS184,ATUN LATA EN AGUA COSTA BRAVA 32/170GR 6oz,1024,1A1,8,REEMPACAR,S78E2CBNN A1U3X,FU07869,3,5376.0,2026-03-17 09:15:58.637000,2026-03-17 09:15:58.637000
1485,297,WMS87,CHAMPINONES KILLIOS 24/184GRMS 4.5OZ,1454,PICKING,1,BUEN ESTADO,010,D2002024,3,5184.0,2026-04-15 11:51:17.210000,2026-04-15 11:51:17.210000
561,113,WMS199,ATUN LATA CON VEGETALES COSTA BRAVA 32/150 GR 5OZ,180,1D2,1,BUEN ESTADO,S78E2FLV8 AMUFA,FU07703,3,3664.0,2026-03-11 09:40:03.710000,2026-03-11 09:40:03.710000
31,7,WMS382,ALCACHOFA MARINADA KILLIOS 12/170 GRS,31,4A4,1,BUEN ESTADO,5122,0,3,2852.0,2025-11-29 08:48:27,2026-03-30 07:37:56.047000
1481,297,WMS87,CHAMPINONES KILLIOS 24/184GRMS 4.5OZ,679,2A2,1,BUEN ESTADO,698,0,3,2472.0,2025-11-29 07:46:44,2025-11-29 07:46:44
1316,264,WMS56,MAIZ DULCE MIGUELS 24/425GR 15OZ,726,1C1,1,BUEN ESTADO,E2F8055,F3000223,3,2040.0,2025-12-09 08:22:41.570000,2025-12-09 08:22:47.470000
345,69,WMS157,GARBANZO KILLIOS 24/400 GR 14OZ,1454,PICKING,1,BUEN ESTADO,188,540006678,3,1536.0,2025-09-26 11:37:56.107000,2025-09-26 11:37:56.107000
315,63,WMS151,ACEITUNA EXCELENCIA NEGRA S/H 12/350 GR 12OZ,1454,PICKING,1,BUEN ESTADO,26021AG,540007143,3,1380.0,2026-04-13 12:28:46.730000,2026-04-13 12:28:46.730000
460,92,WMS18,ESPARRAGOS VERDES MIGUELS VIDRIO 12/330GR 11.64OZ,1676,14A2,1,BUEN ESTADO,DLF25336,D2000254,3,1320.0,2025-08-02 08:11:09.277000,2025-08-02 08:11:23.337000
1350,270,WMS61,MELOCOTON DE LA CIMA MITADES 12/820 GRS 29OZ,1454,PICKING,1,BUEN ESTADO,24247,540006845,3,1152.0,2025-10-28 12:15:36.290000,2025-10-28 12:15:36.290000
1341,269,WMS60,MAIZ DULCE DE LA CIMA 24/425 GRS 15OZ,968,3A2,1,BUEN ESTADO,5219,EM000064,3,1080.0,2025-12-30 13:40:33.937000,2026-01-07 08:29:52.597000
396,80,WMS169,CHILE PIMIENTO KILLIOS 24/185 GR 6.5OZ,414,1D3,1,BUEN ESTADO,24332CM,FU07428,3,1080.0,2026-02-28 07:35:50.783000,2026-02-28 07:35:50.783000
876,176,WMS259,ACEITUNA EXCELENCIA C/H KALAMATA 6/420G,87,2C4,1,BUEN ESTADO,25174AG,0,3,1064.0,2025-11-28 11:39:44,2025-11-28 11:39:44
481,97,WMS184,ATUN LATA EN AGUA COSTA BRAVA 32/170GR 6oz,701,3C2,1,BUEN ESTADO,S78E2CBNN A1UEH,FU08684,3,1008.0,2026-04-16 10:19:00.600000,2026-04-16 10:19:00.600000
1291,259,WMS50,ACEITE DE ORUJO DE OLIVA DON LAZARO 15/1 LT,745,2B1,8,REEMPACAR,26022E34,FU08444,3,900.0,2026-04-09 13:07:10.080000,2026-04-09 13:07:33.797000
2226,319,WMS286,ACEITE DE OLIVA VIRGEN EXTRA ORGANICO LA ESPANOLA 12/500 ML.,549,10A2,1,BUEN ESTADO,02125,56000043,3,900.0,2025-07-03 12:33:29.473000,2025-07-03 12:33:42.313000
1316,264,WMS56,MAIZ DULCE MIGUELS 24/425GR 15OZ,224,3D3,1,BUEN ESTADO,E2F8045,FU06408,3,864.0,2026-02-05 10:52:55.283000,2026-02-05 10:52:55.283000
201,41,WMS13,SALSA CHILTEPE BOTELLA MIGUELS 24/200GR,705,3C3,1,BUEN ESTADO,27.07026,FU07921,3,840.0,2026-03-18 11:12:41.660000,2026-03-18 11:12:41.660000
726,146,WMS229,MELOCOTON KILLIOS MITADES 12/820 GR 29OZ,133,2A1,1,BUEN ESTADO,24249,FU05308,3,816.0,2026-01-06 12:43:58.277000,2026-01-06 12:46:22.450000
726,146,WMS229,MELOCOTON KILLIOS MITADES 12/820 GR 29OZ,720,PICKING,1,BUEN ESTADO,24249,FU06490,3,768.0,2026-02-06 10:52:34.723000,2026-02-06 10:52:34.723000
1290,258,WMS5,ALCAPARRAS NONPAREILLES DON LAZARO 12/110GR,1454,PICKING,1,BUEN ESTADO,04062025104,D3001129,3,720.0,2025-12-23 09:14:56.077000,2025-12-23 09:14:56.077000
336,68,WMS156,ACEITUNA EXCELENCIA GORDAL R. PIMIENTO 12/340 GR 12OZ,897,2B4,1,BUEN ESTADO,25030AG,0,3,704.0,2025-11-29 16:27:37.447000,2025-11-29 16:27:37.447000
1196,240,WMS35,ACEITUNA MIGUELS NEGRA S/H 12/350 GR 12OZ,389,3C2,1,BUEN ESTADO,25155AG,FU07734,3,648.0,2026-03-12 09:20:42.103000,2026-03-12 09:20:42.103000
471,95,WMS182,MERMELADA ADRIANNA MELOCOTON 12/330GR 11.5OZ,283,1A1,1,BUEN ESTADO,27012030,FU08887,3,627.0,2026-04-21 10:38:49.870000,2026-04-21 10:38:49.870000
456,92,WMS18,ESPARRAGOS VERDES MIGUELS VIDRIO 12/330GR 11.64OZ,828,2A2,1,BUEN ESTADO,DLF25334,0,3,529.0,2025-11-28 14:47:35,2025-11-29 12:56:33
626,126,WMS21,SALSA NOPAL VERDE MARIE SHARPS HABANERO 12/148ML 5OZ,683,2A3,1,BUEN ESTADO,N586,0,3,528.0,2025-11-28 16:40:55,2025-11-29 11:44:45
391,79,WMS167,MELOCOTON MIGUELS MITADES 12/820GR 29OZ,1035,1A1,8,REEMPACAR,24220,FU05745,3,504.0,2026-01-16 11:23:27.610000,2026-01-16 11:23:27.610000
341,69,WMS157,GARBANZO KILLIOS 24/400 GR 14OZ,78,2B2,1,BUEN ESTADO,258X,FU07820,3,468.0,2026-03-13 10:14:59.233000,2026-03-13 10:14:59.233000
676,136,WMS22,SALSA AHUMADA MARIE SHARPS HABANERO 12/148ML 5OZ,408,1B2,1,BUEN ESTADO,N890,FU07502,3,453.0,2026-03-03 12:45:49.117000,2026-03-03 12:45:49.117000
6,2,WMS218,ACEITE DE AGUACATE DON LAZARO 12/500 ML,844,3A1,1,BUEN ESTADO,01226,FU08883,3,427.0,2026-04-21 10:32:31.727000,2026-04-21 10:32:31.727000
586,118,WMS202,ACEITE OLIVA VIRGEN EXTRA DON LAZARO 12/1 LT,62,1B3,1,BUEN ESTADO,25198F42,0,3,408.0,2025-11-29 12:16:12,2025-11-29 12:16:12
161,33,WMS121,PINA MIGUELS EN TROZOS 12/820GR 29OZ,908,3A2,1,BUEN ESTADO,2406226,EM000103,3,360.0,2026-03-20 12:31:29.290000,2026-03-20 12:46:13.007000
866,174,WMS257,ACEITUNA EXCELENCIA CON HUESO 6/800GR 28OZ,508,3B2,1,BUEN ESTADO,25283AG,FU05037,3,354.0,2025-12-18 14:44:09.140000,2025-12-18 14:44:09.140000
251,51,WMS139,ACEITUNAS EXCELENCIA NEGRAS POUCH EN RODAJA 10/1700GRS,951,2D2,8,REEMPACAR,26015AG,E7000001,3,330.0,2026-03-26 10:52:40.313000,2026-03-26 10:52:40.487000
1356,272,WMS63,GUINDAS FRUTALIA CON TALLO 24/270GR 9.5OZ,488,2B2,1,BUEN ESTADO,9C2601,FU08965,3,300.0,2026-04-23 11:43:49.820000,2026-04-23 11:43:49.820000
76,16,WMS106,GUINDA KILLIOS 24/454GR 16OZ,383,3A1,1,BUEN ESTADO,6S2601,FU08240,3,288.0,2026-03-27 07:16:32.747000,2026-03-27 07:16:32.747000
941,189,WMS272,ELOTITOS TIERNOS MIGUELS ENTERO 12/908GR 32OZ,774,3C3,1,BUEN ESTADO,70.06126,FU07927,3,276.0,2026-03-18 11:20:11.077000,2026-03-18 11:20:11.077000
416,84,WMS172,VEGETALES ENCURTIDOS MIGUELS 12/908GR 32OZ,448,3B2,1,BUEN ESTADO,74.23225,0,3,245.0,2025-11-28 17:42:17,2025-11-28 17:42:17
1431,287,WMS77,PEPINILLOS MIGUELS ROD. HAMBURGUESA 12/440GR 15.5OZ,246,4B4,1,BUEN ESTADO,75.06526,FU08190,3,204.0,2026-03-25 12:21:32.657000,2026-03-25 12:21:32.657000
476,96,WMS183,MERMELADA ADRIANNA NARANJA 12/330GR 11.5OZ,304,2B1,1,BUEN ESTADO,28012030,FU08589,3,198.0,2026-04-14 08:36:24.027000,2026-04-14 08:36:24.027000
196,40,WMS129,MOSTAZA DIJON CON MIEL DON LAZARO 12/200GR,635,7A1,21,NUEVA ERA,377918,0,3,168.0,2025-11-29 10:17:43,2025-11-29 10:17:43
671,135,WMS219,PEPINILLOS MIGUELS ENTEROS 12/908GR 32OZ,972,3A3,1,BUEN ESTADO,75.05626,FU07461,3,162.0,2026-03-03 09:03:07.283000,2026-03-03 09:03:07.283000
91,19,WMS109,MIEL LOS TILOS OSO 24/340GR 12OZ,513,3C3,1,BUEN ESTADO,02026,FU07473,3,144.0,2026-03-03 10:43:56.157000,2026-03-03 10:43:56.157000
345,69,WMS157,GARBANZO KILLIOS 24/400 GR 14OZ,1454,PICKING,1,BUEN ESTADO,188,540006682,3,144.0,2025-09-26 11:39:21.107000,2025-09-26 11:39:21.107000
216,44,WMS132,ACEITUNAS EXCELENCIA NEGRAS EN RODAJA 6/3000GRS 105.8OZ,792,4A3,16,MAL ESTADO,25097AG,FU07251,3,114.0,2026-02-24 08:21:34.670000,2026-02-24 08:21:34.670000
51,11,WMS100,CHAMPINONES KILLIOS EN RODAJA 6/2840GR 100.17OZ,1038,1A1,1,BUEN ESTADO,227397,FU08679,3,99.0,2026-04-16 10:06:18.767000,2026-04-16 10:06:18.767000
446,90,WMS178,PALMITO MIGUELS EN RODAJAS 12/908GR 32OZ,356,1B4,1,BUEN ESTADO,mm,0,3,96.0,2025-11-28 16:33:02,2025-11-28 16:33:02
931,187,WMS27,SALSA MARIE SHARPS EXOTICA 12/10OZ,177,1A2,1,BUEN ESTADO,M749,0,3,88.0,2025-11-29 10:36:01,2025-11-29 10:36:44
291,59,WMS148,ACEITUNA EXCELENCIA GORDAL ALINADA 6/800GR 28OZ,63,1C3,1,BUEN ESTADO,25157AG,0,3,86.0,2025-11-29 11:32:14,2025-11-29 11:32:14
316,64,WMS152,ACEITUNA EXCELENCIA R. ANCHOA 15/350 GR 12OZ,217,3A2,1,BUEN ESTADO,25178AG,FU08283,3,75.0,2026-03-30 07:41:06.697000,2026-03-30 07:41:06.697000
1211,243,WMS383,GUINDA FRUTALIA S/TALLO GALON CUBETA PLASTICA CAJA 4/4256GR 150OZ,329,3C2,1,BUEN ESTADO,CS2601,FU08387,3,60.0,2026-04-09 06:39:16.743000,2026-04-09 06:39:16.743000
1216,244,WMS384,GUINDA FRUTALIA C/TALLO GALON CUBETA PLASTICA CAJA 4/4256GR 150OZ,397,3C4,1,BUEN ESTADO,CS2601,FU06750,3,48.0,2026-02-11 07:40:25.463000,2026-02-11 07:40:25.463000
766,154,WMS236,ACEITUNA EXCELENCIA DOYPACK C/HUESO 16/180 GR 6OZ,485,2C1,1,BUEN ESTADO,25267AG,FU05322,3,48.0,2026-01-07 08:07:25.880000,2026-01-07 08:07:25.880000
126,26,WMS115,MIEL LOS TILOS 24/500GR 17.6OZ,538,4D4,1,BUEN ESTADO,11325,FU04708,3,36.0,2025-12-09 13:16:23.957000,2025-12-09 13:16:23.957000
1316,264,WMS56,MAIZ DULCE MIGUELS 24/425GR 15OZ,215,3C1,1,BUEN ESTADO,E2F8095,FU07602,3,36.0,2026-03-06 13:11:55.467000,2026-03-06 13:11:55.467000
1356,272,WMS63,GUINDAS FRUTALIA CON TALLO 24/270GR 9.5OZ,488,2B2,1,BUEN ESTADO,9C2511,FU04642,3,36.0,2025-12-05 14:17:49.157000,2025-12-05 14:17:49.157000
1316,264,WMS56,MAIZ DULCE MIGUELS 24/425GR 15OZ,748,2A2,1,BUEN ESTADO,E2F8095,FU07735,3,36.0,2026-03-12 09:22:19.147000,2026-03-12 09:22:19.147000
1491,299,WMS89,CHAMPINONES KILLIOS 24/400GRMS 14.1OZ,677,2C1,1,BUEN ESTADO,772,FU06475,3,36.0,2026-02-06 09:48:56.887000,2026-02-06 09:48:56.887000
216,44,WMS132,ACEITUNAS EXCELENCIA NEGRAS EN RODAJA 6/3000GRS 105.8OZ,463,1A1,1,BUEN ESTADO,26034AG,FU08884,3,30.0,2026-04-21 10:34:46.827000,2026-04-21 10:34:46.827000
51,11,WMS100,CHAMPINONES KILLIOS EN RODAJA 6/2840GR 100.17OZ,1038,1A1,16,MAL ESTADO,079,FU08494,3,24.0,2026-04-10 09:29:49.270000,2026-04-10 09:29:49.270000
296,60,WMS149,ACEITUNA EXCELENCIA DOY PAC R PIMIENTO 16/180 GR 6OZ,484,2B1,1,BUEN ESTADO,25268AG,FU07410,3,24.0,2026-02-27 09:20:08.883000,2026-02-27 09:20:08.883000
296,60,WMS149,ACEITUNA EXCELENCIA DOY PAC R PIMIENTO 16/180 GR 6OZ,484,2B1,1,BUEN ESTADO,25268AG,FU05323,3,23.0,2026-01-07 08:08:21.070000,2026-01-07 08:08:21.070000
2241,322,WMS397,GARBANZOS KILLIOS 4/3PK 800 GR,772,3A3,1,BUEN ESTADO,191X,0,3,22.0,2026-02-02 14:39:23.513000,2026-02-02 14:39:23.513000
171,35,WMS123,PALMITOS MIGUELS ENTEROS 12/850GR 30OZ,704,3B3,1,BUEN ESTADO,18.34224,0,3,21.0,2025-11-29 10:48:52,2025-11-29 10:50:31
51,11,WMS100,CHAMPINONES KILLIOS EN RODAJA 6/2840GR 100.17OZ,1038,1A1,16,MAL ESTADO,079,FU08657,3,18.0,2026-04-16 06:17:19.827000,2026-04-16 06:17:19.827000
391,79,WMS167,MELOCOTON MIGUELS MITADES 12/820GR 29OZ,1035,1A1,1,BUEN ESTADO,24220,FU06814,3,18.0,2026-02-12 09:58:59.810000,2026-02-12 09:58:59.810000
736,148,WMS230,MELOCOTON KILLIOS EN ALMIBAR FRASCO 12/550G,829,2B2,1,BUEN ESTADO,DLF25145,FU06718,3,18.0,2026-02-10 10:35:54.513000,2026-02-10 10:35:54.513000
691,139,WMS222,OBLEAS CON AREQUIPE LA CONDESA 12/280 GRS,47,6A3,1,BUEN ESTADO,HP1511/L4,FU06963,3,18.0,2026-02-16 11:28:10.943000,2026-02-16 11:28:10.943000
401,81,WMS17,SALSA PICANTE MARIE SHARPS HABANERO 12/148ML 5OZ,345,1C1,1,BUEN ESTADO,N888,FU07698,3,18.0,2026-03-11 09:35:31.477000,2026-03-11 09:35:31.477000
1496,300,WMS9,COCTEL DE FRUTAS KIILLIOS 12/820GR 29OZ,404,1B1,1,BUEN ESTADO,25461,FU06492,3,18.0,2026-02-06 10:56:03.873000,2026-02-06 10:56:03.873000
1471,295,WMS85,ELOTITOS TIERNOS MIGUELS ENTEROS 12/440GR 15.5OZ,468,1B2,1,BUEN ESTADO,MM,FU05150,3,18.0,2025-12-26 12:03:23.880000,2025-12-26 12:03:23.880000
946,190,WMS273,PEPINILLOS KILLIOS 12/440 GRS.,808,1A2,1,BUEN ESTADO,75.07125,FU07864,3,18.0,2026-03-12 12:45:07.190000,2026-03-12 12:45:07.190000
311,63,WMS151,ACEITUNA EXCELENCIA NEGRA S/H 12/350 GR 12OZ,305,2C1,1,BUEN ESTADO,25162AG,FU07965,3,17.0,2026-03-19 09:26:31.963000,2026-03-19 09:26:31.963000
401,81,WMS17,SALSA PICANTE MARIE SHARPS HABANERO 12/148ML 5OZ,345,1C1,1,BUEN ESTADO,N739,F7000100,3,16.0,2025-12-18 13:46:22.777000,2025-12-18 13:46:22.777000
1381,277,WMS68,GUINDAS FRUTALIA SIN TALLO 12/908GR 32OZ,366,2D1,1,BUEN ESTADO,2S2508,FU04648,3,16.0,2025-12-05 14:32:35.340000,2025-12-05 14:32:35.340000
1506,302,WMS91,ALCACHOFA KILLIOS 12/390 GRS.13.8OZ A8,385,3C1,1,BUEN ESTADO,4233,FU06187,3,16.0,2026-01-29 10:38:36.203000,2026-01-29 10:38:36.203000
311,63,WMS151,ACEITUNA EXCELENCIA NEGRA S/H 12/350 GR 12OZ,305,2C1,1,BUEN ESTADO,25322AG,FU07810,3,14.0,2026-03-13 10:08:25.140000,2026-03-13 10:08:25.140000
516,104,WMS190,DULCE DE LECHE LA CONDESA CUBETA 4/5kg 176.37OZ,451,3A3,1,BUEN ESTADO,1548-L3,JM001180,3,12.0,2026-02-03 11:45:42.387000,2026-02-03 11:45:42.387000
686,138,WMS221,MANDARINA EN ALMIBAR MIGUELS 12/800GR,529,4C2,1,BUEN ESTADO,DLF25428,FU05484,3,11.0,2026-01-12 10:39:00.003000,2026-01-12 10:39:00.003000
2223,319,WMS286,ACEITE DE OLIVA VIRGEN EXTRA ORGANICO LA ESPANOLA 12/500 ML.,317,2C4,1,BUEN ESTADO,02125,0,3,10.0,2025-11-28 13:04:31,2025-11-28 13:04:31
1296,260,WMS52,"HIGO DE PRIMERA MIGUELS ENTERO LATA 6/1 GALON 3,115g",445,3C1,1,BUEN ESTADO,0918325,0,3,9.0,2025-11-28 13:09:49,2025-11-28 16:43:13
701,141,WMS224,ARVEJA KILLIOS 12/800GR 28.22 OZ,952,2A3,1,BUEN ESTADO,5501,0,3,9.0,2025-11-29 11:53:31,2025-11-29 11:53:31
461,93,WMS180,MERMELADA ADRIANNA HIGO 12/330GR,684,2B3,1,BUEN ESTADO,MM,FU05590,3,9.0,2026-01-13 13:58:16.730000,2026-01-13 13:58:16.730000
516,104,WMS190,DULCE DE LECHE LA CONDESA CUBETA 4/5kg 176.37OZ,451,3A3,1,BUEN ESTADO,HP1510/L2,FU04750,3,6.0,2025-12-10 13:40:43.530000,2025-12-10 13:40:43.530000
346,70,WMS158,GARBANZO DON LAZARO 24/400 GR 14OZ,21,3A1,21,NUEVA ERA,015P,0,3,6.0,2025-11-29 09:15:31,2025-11-29 09:15:31
1201,241,WMS36,GUINDA FRUTALIA CON TALLO 4/1 GALON VIDRIO/4256GRS 150OZ,297,1C4,1,BUEN ESTADO,GC2511,FU05895,3,6.0,2026-01-23 06:42:39.927000,2026-01-23 06:42:39.927000
1421,285,WMS75,PEPINILLOS MIGUELS ENTEROS 12/440GR 15.5OZ,816,1A4,1,BUEN ESTADO,75.07125,FU08422,3,6.0,2026-04-09 11:10:47.077000,2026-04-09 11:10:47.077000
546,110,WMS196,MERMELADA TARRITO MONODOSIS VIDRIO MELOCOTON ADRIANNA 24/28 GR 1OZ,476,1B4,1,BUEN ESTADO,28022029,0,2,4194.0,2025-11-29 06:49:08,2025-11-29 06:49:08
1481,297,WMS87,CHAMPINONES KILLIOS 24/184GRMS 4.5OZ,680,2B2,1,BUEN ESTADO,698,FU05340,2,3888.0,2026-01-07 09:15:43.653000,2026-01-07 09:15:43.653000
1051,211,WMS303,FRASCOS DE VIDRIO MIEL 0.5KG,1035,1A1,1,BUEN ESTADO,,FU06155,2,3712.0,2026-01-28 14:29:47.377000,2026-01-28 14:29:47.377000
1491,299,WMS89,CHAMPINONES KILLIOS 24/400GRMS 14.1OZ,689,2C4,1,BUEN ESTADO,891,FU06364,2,2520.0,2026-02-04 10:56:33.890000,2026-02-04 10:56:33.890000
1311,263,WMS55,MAIZ DULCE MIGUELS 24/241GR 8.5OZ,244,4D3,1,BUEN ESTADO,E5F7305,FU08130,2,2472.0,2026-03-24 12:28:08.013000,2026-03-24 12:28:08.013000
256,52,WMS14,SALSA COBANERA BOTELLA MIGUELS 24/200 GR,781,3B5,1,BUEN ESTADO,78.02626,FU07324,2,2220.0,2026-02-25 10:08:13.177000,2026-02-25 10:08:13.177000
745,149,WMS231,MELOCOTON KILLIOS MITADES 24/410 GRS,1296,14D4,1,BUEN ESTADO,24223,0,2,2160.0,2025-05-29 12:44:23,2025-05-29 12:44:23
1416,284,WMS74,GUINDAS FRUTALIA SIN TALLO 24/227GR 8OZ,290,1D2,1,BUEN ESTADO,8S2602,FU08954,2,2124.0,2026-04-23 11:31:45.840000,2026-04-23 11:31:45.840000
501,101,WMS188,SARDINAS COSTA BRAVA EN ACEITE DE OLIVA 12/190GR,444,3B1,1,BUEN ESTADO,12122024,FU08770,2,1965.0,2026-04-17 10:54:25.447000,2026-04-17 10:54:25.447000
556,112,WMS198,MERMELADA TARRITO MONODOSIS VIDRIO FRESA ADRIANNA 24/28 GR 1OZ,319,2A5,1,BUEN ESTADO,03032029,0,2,1946.0,2025-11-28 13:15:38,2025-11-28 13:16:15
151,31,WMS12,SALSA PICANTE MARIE SHARPS HABANERO 12/296ML 10OZ,885,2B1,1,BUEN ESTADO,N743,F7000098,2,1776.0,2025-12-18 13:46:23.043000,2025-12-18 13:46:23.043000
196,40,WMS129,MOSTAZA DIJON CON MIEL DON LAZARO 12/200GR,455,3A4,1,BUEN ESTADO,389568,0,2,1764.0,2025-11-28 17:37:31,2025-11-28 17:37:31
491,99,WMS186,ATUN VIDRIO CLARO COSTA BRAVA EN ACEITE DE OLIVA 12/230GR,409,1C2,1,BUEN ESTADO,01092023,FU07315,2,1497.0,2026-02-25 09:54:03.793000,2026-02-25 09:54:03.793000
461,93,WMS180,MERMELADA ADRIANNA HIGO 12/330GR,948,2A2,1,BUEN ESTADO,28012030,FU08595,2,1452.0,2026-04-14 09:12:48.980000,2026-04-14 09:12:48.980000
186,38,WMS127,MOSTAZA DIJON DON LAZARO 12/350GR,823,1D5,1,BUEN ESTADO,395431,FU08243,2,1410.0,2026-03-27 09:29:29.917000,2026-03-27 09:29:29.917000
2253,324,WMS399,JALAPENO EN ESCABECHE MIGUELS 24/200 GR 8OZ,706,3D3,1,BUEN ESTADO,82.06826,0,2,1409.0,2026-03-18 11:11:23.150000,2026-03-18 11:11:23.150000
1491,299,WMS89,CHAMPINONES KILLIOS 24/400GRMS 14.1OZ,685,2C3,1,BUEN ESTADO,891,FU05238,2,1296.0,2025-12-30 14:05:37.010000,2025-12-30 14:05:37.010000
531,107,WMS193,DULCE DE LECHE LA CONDESA MANGA 30/1lbs.,13,2A2,1,BUEN ESTADO,1582/L2,JM001225,2,1260.0,2026-04-07 13:17:50.787000,2026-04-07 13:17:50.787000
1416,284,WMS74,GUINDAS FRUTALIA SIN TALLO 24/227GR 8OZ,289,1C2,1,BUEN ESTADO,8S2501,FU08966,2,1248.0,2026-04-23 11:46:33.377000,2026-04-23 11:46:33.377000
730,146,WMS229,MELOCOTON KILLIOS MITADES 12/820 GR 29OZ,2112,6A1,1,BUEN ESTADO,24232,D2000868,2,1200.0,2025-09-06 06:53:37.520000,2025-09-06 06:53:37.520000
641,129,WMS212,SALSA KILLIOS-PREMIO DE TOMATE CON ALBAHACA 12/350GR,699,3A2,1,BUEN ESTADO,225031,0,2,1157.0,2025-11-29 09:22:42.783000,2025-11-29 09:22:42.783000
26,6,WMS327,CHAMPINONES ENTEROS VIDRIO KILLIOS 12/250 GRS.,970,3C2,1,BUEN ESTADO,1269,0,2,1152.0,2025-11-29 10:56:28,2025-11-29 12:38:52
346,70,WMS158,GARBANZO DON LAZARO 24/400 GR 14OZ,1038,1A1,1,BUEN ESTADO,258X,FU08996,2,1140.0,2026-04-23 13:43:46.717000,2026-04-23 13:43:46.717000
705,141,WMS224,ARVEJA KILLIOS 12/800GR 28.22 OZ,1530,5C1,1,BUEN ESTADO,5501,540006433,2,1123.0,2025-08-14 12:18:50.620000,2025-08-14 12:18:50.620000
11,3,WMS297,ACEITUNA EXCELENCIA VERDE S/H 12/230 GRS.,528,4B2,1,BUEN ESTADO,25069AG,0,2,1075.0,2025-11-28 13:20:49,2025-11-28 13:20:49
391,79,WMS167,MELOCOTON MIGUELS MITADES 12/820GR 29OZ,125,1A4,1,BUEN ESTADO,25225,FU08694,2,1072.0,2026-04-16 10:33:52.403000,2026-04-16 10:33:52.403000
1331,267,WMS59,MAIZ DULCE DE LA CIMA 24/241 GRS.,101,3A3,1,BUEN ESTADO,25206,FU05529,2,1071.0,2026-01-13 11:20:10.497000,2026-03-20 09:16:07.507000
701,141,WMS224,ARVEJA KILLIOS 12/800GR 28.22 OZ,858,3C4,8,REEMPACAR,5501,FU08983,2,1068.0,2026-04-23 13:17:05.253000,2026-04-23 13:17:05.253000
1431,287,WMS77,PEPINILLOS MIGUELS ROD. HAMBURGUESA 12/440GR 15.5OZ,1038,1A1,8,REEMPACAR,75.06826,FU08976,2,1056.0,2026-04-23 12:03:32.617000,2026-04-23 12:03:32.617000
16,4,WMS298,ACEITUNA EXCELENCIA RELLENAS DE PASTA DE PIMIENTO 12/230 GRS.,527,4A2,1,BUEN ESTADO,25069AG,0,2,1020.0,2025-11-28 13:16:54,2026-03-30 07:37:25.373000
30,6,WMS327,CHAMPINONES ENTEROS VIDRIO KILLIOS 12/250 GRS.,232,3D5,1,BUEN ESTADO,1269,0,2,1020.0,2025-05-28 12:20:38,2025-05-28 12:56:24
1176,236,WMS33,ACEITUNAS MIGUELS RELLENAS DE PIMIENTO 24/454GR 16OZ,160,3D2,1,BUEN ESTADO,0126825,0,2,996.0,2025-11-29 11:06:54,2025-11-29 11:06:54
1471,295,WMS85,ELOTITOS TIERNOS MIGUELS ENTEROS 12/440GR 15.5OZ,221,3A3,1,BUEN ESTADO,70.05126,FU08188,2,981.0,2026-03-25 12:20:12.620000,2026-03-25 12:20:12.620000
726,146,WMS229,MELOCOTON KILLIOS MITADES 12/820 GR 29OZ,146,2B4,1,BUEN ESTADO,24249,FU05333,2,960.0,2026-01-07 09:07:43.463000,2026-01-07 09:08:10.963000
726,146,WMS229,MELOCOTON KILLIOS MITADES 12/820 GR 29OZ,137,2A2,1,BUEN ESTADO,24249,FU05332,2,960.0,2026-01-07 09:07:22.603000,2026-01-07 09:08:53.050000
451,91,WMS179,MERMELADA ADRIANNA FRESA 12/330GR 11.5OZ,286,1D1,1,BUEN ESTADO,28012030,FU08586,2,954.0,2026-04-14 08:30:55.803000,2026-04-14 08:30:55.803000
391,79,WMS167,MELOCOTON MIGUELS MITADES 12/820GR 29OZ,852,3A3,1,BUEN ESTADO,24230,FU05869,2,953.0,2026-01-22 11:22:56.083000,2026-01-22 11:22:56.083000
366,74,WMS161,GARBANZOS KILLIOS 12/800 GR 28OZ,79,2C2,1,BUEN ESTADO,337X,FU07910,2,921.0,2026-03-18 09:22:44.633000,2026-03-18 09:22:44.633000
686,138,WMS221,MANDARINA EN ALMIBAR MIGUELS 12/800GR,530,4D2,1,BUEN ESTADO,DLF25428,FU08592,2,906.0,2026-04-14 09:08:43.570000,2026-04-14 09:08:43.570000
1466,294,WMS84,PIMIENTO ASADO KILLIOS MORRON ROJO Y AMARILLO 6/450GR,447,3A2,1,BUEN ESTADO,16102024111,FU07822,2,851.0,2026-03-13 10:16:38.163000,2026-03-13 10:16:38.163000
831,167,WMS25,SALSA MARIE SHARPS AJO Y HABANERO 12/5OZ,509,3C2,1,BUEN ESTADO,N745,F7000109,2,834.0,2025-12-18 13:46:23.417000,2025-12-18 13:46:23.417000
356,72,WMS16,SALSA MUY PICANTE MARIE SHARPS HABANERO 12/148ML 5OZ,524,4B1,1,BUEN ESTADO,N887,FU07908,2,828.0,2026-03-18 09:20:21.453000,2026-03-18 09:20:21.453000
1461,293,WMS83,BERENJENA ASADA KILLIOS EN PURE 6/480GR,415,1A4,1,BUEN ESTADO,09112023102,0,2,807.0,2025-11-28 13:34:23,2025-11-28 13:34:23
126,26,WMS115,MIEL LOS TILOS 24/500GR 17.6OZ,538,4D4,1,BUEN ESTADO,02226,FU07468,2,804.0,2026-03-03 10:37:28.897000,2026-03-03 10:37:28.897000
1481,297,WMS87,CHAMPINONES KILLIOS 24/184GRMS 4.5OZ,676,2B1,1,BUEN ESTADO,698,FU07821,2,756.0,2026-03-13 10:16:00.163000,2026-03-13 10:16:00.163000
336,68,WMS156,ACEITUNA EXCELENCIA GORDAL R. PIMIENTO 12/340 GR 12OZ,225,3A4,1,BUEN ESTADO,25127ag,0,2,732.0,2025-11-29 11:51:52,2025-11-29 11:57:41
1471,295,WMS85,ELOTITOS TIERNOS MIGUELS ENTEROS 12/440GR 15.5OZ,222,3B3,1,BUEN ESTADO,70.29525,0,2,720.0,2025-11-29 12:46:35,2025-11-29 12:46:35
620,124,WMS208,TOMATE PELADO KILLIOS 12/800GR,341,3C5,1,BUEN ESTADO,257,0,2,719.0,2025-05-28 11:20:33,2025-05-28 11:20:33
301,61,WMS15,SALSA JALAPENA BOTELLA MIGUELS 24/200 GR,369,2C2,1,BUEN ESTADO,79.07126,FU07922,2,708.0,2026-03-18 11:14:02.833000,2026-03-18 11:14:02.833000
661,133,WMS216,VINAGRE DE MANZANA ORGANICO DON LAZARO 12/500ML,504,3B1,1,BUEN ESTADO,23951MEB,FU08640,2,696.0,2026-04-15 11:32:13.317000,2026-04-15 11:32:13.317000
1446,290,WMS80,ELOTITOS TIERNOS MIGUELS ENTEROS 24/200GR 7OZ,127,1C4,1,BUEN ESTADO,"70,14925",FU08187,2,672.0,2026-03-25 12:18:54.360000,2026-03-25 12:18:54.360000
946,190,WMS273,PEPINILLOS KILLIOS 12/440 GRS.,502,2D5,1,BUEN ESTADO,75.31925,0,2,642.0,2025-11-28 16:29:13,2025-11-28 16:29:13
911,183,WMS266,ELOTITOS TIERNOS KILLIOS 12/440 GRS.,519,3A5,1,BUEN ESTADO,70.24025,0,2,618.0,2025-11-28 13:01:25,2025-11-28 13:01:51
446,90,WMS178,PALMITO MIGUELS EN RODAJAS 12/908GR 32OZ,106,3B4,1,BUEN ESTADO,2124625,0,2,609.0,2025-11-28 11:44:50,2025-11-28 11:45:30
736,148,WMS230,MELOCOTON KILLIOS EN ALMIBAR FRASCO 12/550G,894,2C3,1,BUEN ESTADO,DLF25145,FU06719,2,600.0,2026-02-10 10:39:32.623000,2026-02-10 10:39:32.623000
26,6,WMS327,CHAMPINONES ENTEROS VIDRIO KILLIOS 12/250 GRS.,491,2A3,1,BUEN ESTADO,1269,0,2,567.0,2025-11-29 10:48:16,2025-11-29 10:48:16
1476,296,WMS86,ELOTITOS MIGUELS LOCOS 12/440GR,64,1D3,1,BUEN ESTADO,70.07226,FU08180,2,562.0,2026-03-25 11:50:59.613000,2026-03-25 11:50:59.613000
1345,269,WMS60,MAIZ DULCE DE LA CIMA 24/425 GRS 15OZ,1857,8B3,1,BUEN ESTADO,5419,D2001016,2,546.0,2025-07-10 07:20:17.027000,2025-07-10 07:20:17.027000
1396,280,WMS70,HIGOS EN ALMIBAR ENTEROS MIGUELS LATA 12/850g 30oz,119,1C2,1,BUEN ESTADO,0918525,FU08120,2,534.0,2026-03-24 12:16:22.457000,2026-03-24 12:16:22.457000
951,191,WMS274,CEBOLLITAS EN VINAGRE KILLIOS 12/454 GRS.,184,1D3,1,BUEN ESTADO,mm,0,2,534.0,2025-11-29 11:55:42,2025-11-29 11:55:42
771,155,WMS237,ACEITUNA EXCELENCIA DOYPACK S/HUESO 16/170 GR 6OZ,423,2A1,1,BUEN ESTADO,25316AG,FU08158,2,520.0,2026-03-25 09:30:00.410000,2026-03-25 09:30:00.410000
341,69,WMS157,GARBANZO KILLIOS 24/400 GR 14OZ,82,2B3,1,BUEN ESTADO,258X,FU07080,2,490.0,2026-02-19 09:18:10.803000,2026-02-19 09:18:10.803000
1391,279,WMS7,COCTEL DE FRUTAS MIGUELS 12/820GR 29OZ,658,1D1,1,BUEN ESTADO,SYF25140,FU08254,2,486.0,2026-03-27 09:44:35.473000,2026-03-27 09:44:35.473000
541,109,WMS195,DULCE DE LECHE LA CONDESA BANDEJA 8/450GR 15.5OZ,331,3A3,1,BUEN ESTADO,HP1568/L2,FU07669,2,482.0,2026-03-10 11:46:10.607000,2026-03-10 11:46:10.607000
341,69,WMS157,GARBANZO KILLIOS 24/400 GR 14OZ,74,2B1,1,BUEN ESTADO,258X,FU06306,2,468.0,2026-02-03 09:07:40.427000,2026-02-03 09:07:40.427000
486,98,WMS185,ATUN VIDRIO CLARO COSTA BRAVA EN ACEITE DE OLIVA CON LIMON Y TOMILLO 12/200GR,514,3D3,1,BUEN ESTADO,21102024,FU06340,2,447.0,2026-02-04 08:39:38.327000,2026-02-04 08:39:38.327000
926,186,WMS269,ELOTITOS TIERNOS KILLIOS 24/200 GRS.,495,2A4,1,BUEN ESTADO,70.18325,0,2,432.0,2025-11-29 08:07:42,2025-11-29 08:07:42
1361,273,WMS64,MAIZ DULCE KILLIOS 24/241 GRS 8.5OZ,656,1B1,1,BUEN ESTADO,E5F7305,FU08174,2,408.0,2026-03-25 09:58:12.497000,2026-03-25 09:58:12.497000
91,19,WMS109,MIEL LOS TILOS OSO 24/340GR 12OZ,375,2A4,1,BUEN ESTADO,00126,FU05524,2,396.0,2026-01-13 09:48:19.607000,2026-01-13 09:48:19.607000
171,35,WMS123,PALMITOS MIGUELS ENTEROS 12/850GR 30OZ,156,3D1,12,CORREGIR LOTE FECHA,2122525,FU06430,2,396.0,2026-02-05 06:57:26.290000,2026-02-05 06:57:26.290000
1341,269,WMS60,MAIZ DULCE DE LA CIMA 24/425 GRS 15OZ,155,3C1,1,BUEN ESTADO,5113,FU08022,2,381.0,2026-03-20 09:16:51.253000,2026-03-20 09:16:51.253000
421,85,WMS173,PALMITOS MIGUELS ENTEROS 6/660GR 23OZ,473,1C3,1,BUEN ESTADO,18.32825,FU07091,2,375.0,2026-02-19 09:51:27.403000,2026-02-19 09:51:27.403000
605,121,WMS205,ACEITE OLIVA VIRGEN EXTRA DON LAZARO 6/2 LT,835,2D3,1,BUEN ESTADO,26058F42,D3001567,2,360.0,2026-04-22 07:10:57.703000,2026-04-22 13:28:27.283000
61,13,WMS102,ALCAPARRAS NONPAREILLES DON LAZARO 8/450GR,876,1A4,1,BUEN ESTADO,30102025111,FU08484,2,344.0,2026-04-10 09:17:07.923000,2026-04-10 09:17:07.923000
1351,271,WMS62,MAIZ DULCE MIGUELS GALON 6/2900g,148,2D4,1,BUEN ESTADO,60120,FU08460,2,342.0,2026-04-09 13:38:22.333000,2026-04-09 13:38:22.333000
1485,297,WMS87,CHAMPINONES KILLIOS 24/184GRMS 4.5OZ,1454,PICKING,1,BUEN ESTADO,698,D2000822,2,336.0,2025-08-30 07:35:56.197000,2025-08-30 07:35:56.197000
465,93,WMS180,MERMELADA ADRIANNA HIGO 12/330GR,1454,PICKING,1,BUEN ESTADO,28012030,D3001406,2,324.0,2026-04-11 10:10:57.873000,2026-04-11 10:10:57.873000
1206,242,WMS37,ELOTITOS TIERNOS MIGUELS RODAJAS 12/908GR 32OZ,831,2D2,1,BUEN ESTADO,70.09225,0,2,312.0,2025-11-29 10:24:18,2025-11-29 10:25:39
190,38,WMS127,MOSTAZA DIJON DON LAZARO 12/350GR,1454,PICKING,1,BUEN ESTADO,401199,D3001411,2,300.0,2026-04-16 12:35:49.057000,2026-04-16 12:35:49.057000
1021,205,WMS295,HILOS DE PACAYA KILLIOS 12/32OZ,382,2D5,1,BUEN ESTADO,17.13323MM,0,2,282.0,2025-11-28 12:44:11,2025-11-28 12:44:11
171,35,WMS123,PALMITOS MIGUELS ENTEROS 12/850GR 30OZ,704,3B3,8,REEMPACAR,2115525,0,2,276.0,2025-11-29 16:00:05,2025-11-29 16:00:05
51,11,WMS100,CHAMPINONES KILLIOS EN RODAJA 6/2840GR 100.17OZ,154,3B1,1,BUEN ESTADO,227397,FU08680,2,252.0,2026-04-16 10:06:46.027000,2026-04-16 10:06:46.027000
21,5,WMS326,HONGOS SHIITAKE KILLIOS 12/250 GRS.,435,2A4,1,BUEN ESTADO,1271,0,2,244.0,2025-11-28 11:47:14,2025-11-28 11:47:14
625,125,WMS209,TOMATE PELADO KILLIOS 6/2.550G,2181,14B3,1,BUEN ESTADO,R270,D2001738,2,240.0,2026-02-19 13:36:19.760000,2026-02-19 13:36:19.760000
625,125,WMS209,TOMATE PELADO KILLIOS 6/2.550G,2182,14A4,1,BUEN ESTADO,R270,D2001736,2,240.0,2026-02-19 13:36:19.760000,2026-02-19 13:36:19.760000
625,125,WMS209,TOMATE PELADO KILLIOS 6/2.550G,2183,14B4,1,BUEN ESTADO,R270,D2001737,2,240.0,2026-02-19 13:36:19.760000,2026-02-19 13:36:19.760000
511,103,WMS19,ESPARRAGOS VERDES MIGUELS LATA 12/425GR,238,4B2,1,BUEN ESTADO,253052LC,FU06227,2,238.0,2026-01-30 10:10:09.520000,2026-01-30 10:10:09.520000
921,185,WMS268,ELOTITOS TIERNOS KILLIOS 12/908 GRS.,516,3B4,1,BUEN ESTADO,70.26125,0,2,234.0,2025-11-28 12:43:41,2025-11-28 12:44:23
86,18,WMS108,MIEL LOS TILOS 24/730GR 25.8OZ,537,4C4,1,BUEN ESTADO,01126,FU07470,2,228.0,2026-03-03 10:40:31.070000,2026-03-03 10:40:31.070000
61,13,WMS102,ALCAPARRAS NONPAREILLES DON LAZARO 8/450GR,876,1A4,1,BUEN ESTADO,20092025103,FU08483,2,224.0,2026-04-10 09:16:28.327000,2026-04-10 09:16:28.327000
961,193,WMS278,REMOLACHA KILLIOS EN RODAJAS 12/700GR,953,2B3,1,BUEN ESTADO,13022024102,0,2,222.0,2025-11-29 11:18:48,2025-11-29 11:18:48
251,51,WMS139,ACEITUNAS EXCELENCIA NEGRAS POUCH EN RODAJA 10/1700GRS,432,2B3,1,BUEN ESTADO,26015AG,F7000130,2,220.0,2026-03-26 10:52:39.843000,2026-03-26 10:52:39.843000
466,94,WMS181,MERMELADA ADRIANNA MORA 12/330GR,123,1C3,1,BUEN ESTADO,28012030,FU08587,2,216.0,2026-04-14 08:31:52.083000,2026-04-14 08:31:52.083000
231,47,WMS135,PINA MIGUELS RODAJA 6/3000GR 105OZ,470,1D2,1,BUEN ESTADO,2407126,FU08065,2,210.0,2026-03-20 12:49:30,2026-03-20 12:49:30
216,44,WMS132,ACEITUNAS EXCELENCIA NEGRAS EN RODAJA 6/3000GRS 105.8OZ,466,1D1,1,BUEN ESTADO,26034AG,FU08579,2,207.0,2026-04-14 08:22:35.100000,2026-04-14 08:22:35.100000
1341,269,WMS60,MAIZ DULCE DE LA CIMA 24/425 GRS 15OZ,155,3C1,1,BUEN ESTADO,5219,FU05376,2,207.0,2026-01-09 09:16:37.597000,2026-01-09 09:16:37.597000
395,79,WMS167,MELOCOTON MIGUELS MITADES 12/820GR 29OZ,595,2A2,1,BUEN ESTADO,24219,D3000855,2,204.0,2025-10-29 14:23:39.880000,2025-10-29 14:23:39.880000
1326,266,WMS58,CEBOLLITAS PERLA DON LAZARO 6/890GR 31.8OZ,853,3B3,1,BUEN ESTADO,08042024103,0,2,194.0,2025-11-29 10:35:51,2025-11-29 10:36:46
456,92,WMS18,ESPARRAGOS VERDES MIGUELS VIDRIO 12/330GR 11.64OZ,105,3A4,1,BUEN ESTADO,DLF25335,0,2,192.0,2025-11-28 14:25:56,2025-11-29 17:41:46
391,79,WMS167,MELOCOTON MIGUELS MITADES 12/820GR 29OZ,958,2C4,1,BUEN ESTADO,24222,FU04824,2,186.0,2025-12-12 11:26:16.010000,2025-12-12 11:26:16.010000
1381,277,WMS68,GUINDAS FRUTALIA SIN TALLO 12/908GR 32OZ,365,2C1,1,BUEN ESTADO,2C2601,FU08223,2,180.0,2026-03-26 08:38:59.280000,2026-03-26 08:38:59.280000
951,191,WMS274,CEBOLLITAS EN VINAGRE KILLIOS 12/454 GRS.,184,1D3,1,BUEN ESTADO,81.26024,0,2,180.0,2025-11-28 13:32:38,2025-11-29 16:35:18.763000
1486,298,WMS88,PACAYITAS MIGUELS 24/420GR 15OZ,531,4A3,1,BUEN ESTADO,17.26325,0,2,180.0,2025-11-28 17:44:40,2025-11-28 17:47:29
786,158,WMS24,SALSA PICANTE MARIE SHARPS HABANERO 4/128OZ GALON,301,1C5,1,BUEN ESTADO,N040,0,2,174.0,2025-11-28 13:42:29,2025-11-28 13:42:29
1296,260,WMS52,"HIGO DE PRIMERA MIGUELS ENTERO LATA 6/1 GALON 3,115g",725,1B1,8,REEMPACAR,0921325,FU08637,2,172.0,2026-04-15 11:11:56.407000,2026-04-15 11:11:56.407000
436,88,WMS176,PALMITOS MIGUELS RODAJAS 6/1600GR,398,3D4,1,BUEN ESTADO,18.07925,0,2,169.0,2025-11-28 15:32:37,2025-11-28 15:34:07
936,188,WMS270,PALMITO ENTERO KILLIO 12/420 GRS.,494,2D3,1,BUEN ESTADO,18.26225,FU04435,2,168.0,2025-12-02 14:29:01.067000,2025-12-02 14:29:01.067000
261,53,WMS140,MIEL LA CONDESA 12/460 GR 16OZ,352,1B3,1,BUEN ESTADO,261403,FU08374,2,165.0,2026-04-08 11:29:58.640000,2026-04-08 11:29:58.640000
1391,279,WMS7,COCTEL DE FRUTAS MIGUELS 12/820GR 29OZ,658,1D1,1,BUEN ESTADO,SYF25140,FU08695,2,163.0,2026-04-16 10:36:13.653000,2026-04-16 10:36:13.653000
461,93,WMS180,MERMELADA ADRIANNA HIGO 12/330GR,684,2B3,1,BUEN ESTADO,28012030,FU08582,2,162.0,2026-04-14 08:25:15.630000,2026-04-14 08:25:15.630000
1296,260,WMS52,"HIGO DE PRIMERA MIGUELS ENTERO LATA 6/1 GALON 3,115g",845,3B1,1,BUEN ESTADO,0918325,FU08487,2,159.0,2026-04-10 09:20:56.117000,2026-04-10 09:20:56.117000
736,148,WMS230,MELOCOTON KILLIOS EN ALMIBAR FRASCO 12/550G,173,1A1,1,BUEN ESTADO,DLF25678,FU05118,2,156.0,2025-12-26 07:00:39.793000,2025-12-26 07:00:39.793000
391,79,WMS167,MELOCOTON MIGUELS MITADES 12/820GR 29OZ,720,PICKING,1,BUEN ESTADO,25225,FU07727,2,156.0,2026-03-12 09:13:06.083000,2026-03-12 09:13:06.083000
55,11,WMS100,CHAMPINONES KILLIOS EN RODAJA 6/2840GR 100.17OZ,1284,14D1,1,BUEN ESTADO,227397,0,2,150.0,2025-05-29 12:10:29,2025-05-29 12:12:45
566,114,WMS2,PALMITOS MIGUELS ENTEROS 12/420GR 15OZ,233,4A1,1,BUEN ESTADO,18.29425,FU08138,2,144.0,2026-03-24 12:39:09.207000,2026-03-24 12:39:09.207000
220,44,WMS132,ACEITUNAS EXCELENCIA NEGRAS EN RODAJA 6/3000GRS 105.8OZ,662,1D2,1,BUEN ESTADO,26034AG,540007171,2,138.0,2026-04-21 10:36:43.890000,2026-04-21 10:36:43.890000
30,6,WMS327,CHAMPINONES ENTEROS VIDRIO KILLIOS 12/250 GRS.,65,1A4,1,BUEN ESTADO,1269,0,2,137.0,2025-05-28 12:20:38,2025-05-28 12:20:38
665,133,WMS216,VINAGRE DE MANZANA ORGANICO DON LAZARO 12/500ML,1454,PICKING,1,BUEN ESTADO,23951MEB,D3001005,2,120.0,2025-12-09 07:34:32.623000,2025-12-09 07:34:32.623000
1330,266,WMS58,CEBOLLITAS PERLA DON LAZARO 6/890GR 31.8OZ,1025,1A1,1,BUEN ESTADO,18032025107,57000037,2,118.0,2025-06-07 23:52:03.210000,2025-06-07 23:52:03.210000
1196,240,WMS35,ACEITUNA MIGUELS NEGRA S/H 12/350 GR 12OZ,389,3C2,1,BUEN ESTADO,25155AG,FU04822,2,114.0,2025-12-12 11:20:45.517000,2025-12-12 11:20:45.517000
370,74,WMS161,GARBANZOS KILLIOS 12/800 GR 28OZ,1736,1A1,1,BUEN ESTADO,191,540006621,2,108.0,2025-09-26 11:42:24.297000,2025-09-26 11:42:24.297000
296,60,WMS149,ACEITUNA EXCELENCIA DOY PAC R PIMIENTO 16/180 GR 6OZ,484,2B1,1,BUEN ESTADO,25268AG,FU06832,2,103.0,2026-02-12 10:47:13.607000,2026-02-12 10:47:13.607000
460,92,WMS18,ESPARRAGOS VERDES MIGUELS VIDRIO 12/330GR 11.64OZ,881,1B5,1,BUEN ESTADO,DLF25335,D2000260,2,89.0,2025-08-02 08:11:02.153000,2025-08-02 08:11:02.153000
576,116,WMS200,MOTAS DE GUANABA MIGUELS 6/720 GR 25OZ,417,1C4,1,BUEN ESTADO,76.16325,0,2,85.0,2025-11-28 15:24:15,2025-11-28 15:24:15
36,8,WMS387,TOMATE DESHIDRATADO EN ACEITE KILLIOS-PREMIO 12/200GR,751,2D2,1,BUEN ESTADO,11042025105,FU08280,2,85.0,2026-03-30 07:38:57.300000,2026-03-30 07:38:57.300000
86,18,WMS108,MIEL LOS TILOS 24/730GR 25.8OZ,378,2D4,1,BUEN ESTADO,00226,FU05523,2,84.0,2026-01-13 09:45:09.863000,2026-01-13 09:45:09.863000
731,147,WMS23,SALSA MUY PICANTE MARIE SHARPS HABANERO 12/296ML 10OZ,167,3C4,1,BUEN ESTADO,N744,F7000111,2,84.0,2025-12-18 13:46:23.357000,2025-12-18 13:46:23.357000
1341,269,WMS60,MAIZ DULCE DE LA CIMA 24/425 GRS 15OZ,968,3A2,1,BUEN ESTADO,5420,0,2,84.0,2025-11-29 16:17:08.477000,2025-11-29 16:17:08.477000
1336,268,WMS6,PALMITOS MIGUELS ENTEROS 24/200GR 7OZ,163,3C3,1,BUEN ESTADO,18.11825,FU05998,2,81.0,2026-01-26 13:36:05.277000,2026-01-26 13:36:05.277000
1216,244,WMS384,GUINDA FRUTALIA C/TALLO GALON CUBETA PLASTICA CAJA 4/4256GR 150OZ,44,6B1,1,BUEN ESTADO,CC2601,FU07712,2,78.0,2026-03-12 06:27:39.663000,2026-03-12 06:27:39.663000
616,124,WMS208,TOMATE PELADO KILLIOS 12/800GR,430,2D2,1,BUEN ESTADO,PEF3 G257,FU07903,2,71.0,2026-03-18 09:09:30.817000,2026-03-18 09:09:30.817000
381,77,WMS164,GUINDA FRUTALIA MITADES BOLSA 5/2.4 KG,22,3B1,16,MAL ESTADO,BG2512,FU06688,2,70.0,2026-02-09 10:52:55.187000,2026-02-09 10:52:55.187000
1211,243,WMS383,GUINDA FRUTALIA S/TALLO GALON CUBETA PLASTICA CAJA 4/4256GR 150OZ,325,3C1,1,BUEN ESTADO,CS2601,FU08955,2,68.0,2026-04-23 11:33:03.230000,2026-04-23 11:33:03.230000
1511,303,WMS92,MELOCOTON MIGUELS MITADES 6/2650GR 93.5OZ GALON,1038,1A1,1,BUEN ESTADO,24201,FU09008,2,63.0,2026-04-24 08:05:16.747000,2026-04-24 08:05:16.747000
710,142,WMS225,ARVEJA KILLIOS 24/425GR,1456,MERMA,1,BUEN ESTADO,5503,D2001627,2,59.0,2026-01-29 10:10:40.060000,2026-01-29 10:10:40.060000
506,102,WMS189,ATUN LATA EN ACEITE COSTA BRAVA 32/170GR 6OZ,636,7B1,1,BUEN ESTADO,S71E2COYNA3UAD,FU07088,2,48.0,2026-02-19 09:36:22.390000,2026-02-19 09:36:22.390000
306,62,WMS150,ACEITUNA EXCELENCIA R.PIMIENTO 12/300 GR 10.5OZ,347,1A2,1,BUEN ESTADO,25154AG,FU07823,2,48.0,2026-03-13 10:24:22.583000,2026-03-13 10:24:22.583000
1406,282,WMS72,GUINDAS FRUTALIA SIN TALLO 24/454GR 16OZ,348,1B2,1,BUEN ESTADO,6S2501,FU07371,2,48.0,2026-02-26 08:17:56.923000,2026-02-26 08:17:56.923000
506,102,WMS189,ATUN LATA EN ACEITE COSTA BRAVA 32/170GR 6OZ,636,7B1,1,BUEN ESTADO,S71E2COYN A3UAD,FU06049,2,42.0,2026-01-27 09:45:14.110000,2026-01-27 09:45:14.110000
350,70,WMS158,GARBANZO DON LAZARO 24/400 GR 14OZ,1456,MERMA,1,BUEN ESTADO,258X,D3001000,2,40.0,2025-12-05 08:38:23.963000,2025-12-05 08:38:23.963000
76,16,WMS106,GUINDA KILLIOS 24/454GR 16OZ,383,3A1,1,BUEN ESTADO,6S2601,FU08964,2,36.0,2026-04-23 11:42:46.213000,2026-04-23 11:42:46.213000
1491,299,WMS89,CHAMPINONES KILLIOS 24/400GRMS 14.1OZ,690,2D4,1,BUEN ESTADO,890,FU06365,2,36.0,2026-02-04 10:58:42.257000,2026-02-04 10:58:42.257000
126,26,WMS115,MIEL LOS TILOS 24/500GR 17.6OZ,538,4D4,1,BUEN ESTADO,4025,0,2,32.0,2025-11-28 14:08:12,2025-11-28 14:08:37
926,186,WMS269,ELOTITOS TIERNOS KILLIOS 24/200 GRS.,495,2A4,1,BUEN ESTADO,MM,0,2,31.0,2025-11-28 16:51:21,2025-11-28 16:51:59
536,108,WMS194,PRODUCTO ESPECIAL EXTRA ESPESO DULCE DE LECHE DECORACION LA CONDESA BOLSA 6/5lbs,36,5B2,1,BUEN ESTADO,HP1532/L1,FU06064,2,30.0,2026-01-27 11:39:43.210000,2026-01-27 11:39:43.210000
531,107,WMS193,DULCE DE LECHE LA CONDESA MANGA 30/1lbs.,372,2B3,1,BUEN ESTADO,HP1506/L2,FU04941,2,30.0,2025-12-16 14:07:25.343000,2025-12-16 14:07:25.343000
1391,279,WMS7,COCTEL DE FRUTAS MIGUELS 12/820GR 29OZ,657,1C1,1,BUEN ESTADO,SYF25140,FU08695,2,30.0,2026-04-16 10:36:13.653000,2026-04-16 10:36:13.653000
1291,259,WMS50,ACEITE DE ORUJO DE OLIVA DON LAZARO 15/1 LT,835,2D3,1,BUEN ESTADO,26022E34,FU08764,2,30.0,2026-04-17 09:45:04.370000,2026-04-17 09:45:04.370000
346,70,WMS158,GARBANZO DON LAZARO 24/400 GR 14OZ,490,2D2,1,BUEN ESTADO,258X,FU07081,2,29.0,2026-02-19 09:19:30.087000,2026-02-19 09:19:30.087000
341,69,WMS157,GARBANZO KILLIOS 24/400 GR 14OZ,82,2B3,1,BUEN ESTADO,258X,FU07603,2,29.0,2026-03-06 13:22:21.897000,2026-03-06 13:22:21.897000
1216,244,WMS384,GUINDA FRUTALIA C/TALLO GALON CUBETA PLASTICA CAJA 4/4256GR 150OZ,293,1C3,1,BUEN ESTADO,CC2601,FU07067,2,26.0,2026-02-19 07:15:23.900000,2026-02-19 07:15:23.900000
1316,264,WMS56,MAIZ DULCE MIGUELS 24/425GR 15OZ,215,3C1,1,BUEN ESTADO,E2F8095,FU08246,2,24.0,2026-03-27 09:31:30.687000,2026-03-27 09:31:30.687000
1316,264,WMS56,MAIZ DULCE MIGUELS 24/425GR 15OZ,215,3C1,1,BUEN ESTADO,E2F8045,FU06375,2,24.0,2026-02-04 11:22:57.050000,2026-02-04 11:22:57.050000
1316,264,WMS56,MAIZ DULCE MIGUELS 24/425GR 15OZ,215,3C1,1,BUEN ESTADO,E2F8055,FU07039,2,24.0,2026-02-18 09:55:57.063000,2026-02-18 09:55:57.063000
1196,240,WMS35,ACEITUNA MIGUELS NEGRA S/H 12/350 GR 12OZ,389,3C2,1,BUEN ESTADO,23131AG,FU04627,2,24.0,2025-12-05 13:32:40.777000,2025-12-05 13:32:40.777000
1136,228,WMS32,ACEITUNAS MIGUELS RELLENAS DOY PACK 24/200GR 7OZ,472,1B3,1,BUEN ESTADO,01.24925,FU05369,2,24.0,2026-01-09 09:06:27.640000,2026-01-09 09:06:27.640000
1136,228,WMS32,ACEITUNAS MIGUELS RELLENAS DOY PACK 24/200GR 7OZ,472,1B3,1,BUEN ESTADO,01.24925,FU05370,2,24.0,2026-01-09 09:07:37.323000,2026-01-09 09:07:37.323000
1416,284,WMS74,GUINDAS FRUTALIA SIN TALLO 24/227GR 8OZ,288,1B2,1,BUEN ESTADO,8S2601,FU08217,2,24.0,2026-03-26 08:33:53.553000,2026-03-26 08:33:53.553000
1446,290,WMS80,ELOTITOS TIERNOS MIGUELS ENTEROS 24/200GR 7OZ,88,2D4,1,BUEN ESTADO,70.17625,0,2,24.0,2025-11-29 11:29:27,2025-11-29 11:29:27
1476,296,WMS86,ELOTITOS MIGUELS LOCOS 12/440GR,720,PICKING,1,BUEN ESTADO,70.07226,FU08180,2,24.0,2026-03-25 11:50:59.613000,2026-03-25 11:50:59.613000
1481,297,WMS87,CHAMPINONES KILLIOS 24/184GRMS 4.5OZ,676,2B1,1,BUEN ESTADO,698,FU06145,2,24.0,2026-01-28 13:11:46.833000,2026-01-28 13:11:46.833000
1481,297,WMS87,CHAMPINONES KILLIOS 24/184GRMS 4.5OZ,676,2B1,1,BUEN ESTADO,698,FU06190,2,24.0,2026-01-29 10:45:15.523000,2026-01-29 10:45:15.523000
1481,297,WMS87,CHAMPINONES KILLIOS 24/184GRMS 4.5OZ,676,2B1,1,BUEN ESTADO,698,FU08488,2,24.0,2026-04-10 09:22:13.707000,2026-04-10 09:22:13.707000
1316,264,WMS56,MAIZ DULCE MIGUELS 24/425GR 15OZ,748,2A2,1,BUEN ESTADO,E2F8055,F3000237,2,24.0,2025-12-09 08:22:47.853000,2025-12-09 08:22:47.853000
1316,264,WMS56,MAIZ DULCE MIGUELS 24/425GR 15OZ,748,2A2,1,BUEN ESTADO,E2F8045,FU05870,2,24.0,2026-01-22 11:24:33.460000,2026-01-22 11:24:33.460000
1356,272,WMS63,GUINDAS FRUTALIA CON TALLO 24/270GR 9.5OZ,488,2B2,1,BUEN ESTADO,9C2512,FU05049,2,24.0,2025-12-19 07:21:04.877000,2025-12-19 07:21:04.877000
1491,299,WMS89,CHAMPINONES KILLIOS 24/400GRMS 14.1OZ,690,2D4,1,BUEN ESTADO,707,FU07808,2,24.0,2026-03-13 10:06:44.490000,2026-03-13 10:06:44.490000
1486,298,WMS88,PACAYITAS MIGUELS 24/420GR 15OZ,747,2D1,1,BUEN ESTADO,1728424,0,2,24.0,2025-11-29 16:28:31.610000,2025-11-29 16:28:31.610000
1491,299,WMS89,CHAMPINONES KILLIOS 24/400GRMS 14.1OZ,677,2C1,1,BUEN ESTADO,366,0,2,24.0,2025-11-28 17:07:33,2025-11-28 17:07:33
1491,299,WMS89,CHAMPINONES KILLIOS 24/400GRMS 14.1OZ,682,2D2,1,BUEN ESTADO,707,FU07806,2,24.0,2026-03-13 10:05:15.737000,2026-03-13 10:05:15.737000
1491,299,WMS89,CHAMPINONES KILLIOS 24/400GRMS 14.1OZ,677,2C1,1,BUEN ESTADO,772,FU05748,2,24.0,2026-01-16 11:26:22.220000,2026-01-16 11:26:22.220000
341,69,WMS157,GARBANZO KILLIOS 24/400 GR 14OZ,74,2B1,1,BUEN ESTADO,258X,FU06418,2,24.0,2026-02-05 11:29:20.053000,2026-02-05 11:29:20.053000
396,80,WMS169,CHILE PIMIENTO KILLIOS 24/185 GR 6.5OZ,784,4A1,16,MAL ESTADO,23200CM,FU07429,2,24.0,2026-02-28 09:01:05.723000,2026-02-28 09:01:05.723000
396,80,WMS169,CHILE PIMIENTO KILLIOS 24/185 GR 6.5OZ,784,4A1,16,MAL ESTADO,23200CM,FU07431,2,24.0,2026-02-28 09:02:15.770000,2026-02-28 09:02:15.770000
126,26,WMS115,MIEL LOS TILOS 24/500GR 17.6OZ,538,4D4,1,BUEN ESTADO,11625,FU05346,2,24.0,2026-01-07 11:02:30.797000,2026-01-07 11:02:30.797000
91,19,WMS109,MIEL LOS TILOS OSO 24/340GR 12OZ,513,3C3,1,BUEN ESTADO,6525,0,2,24.0,2025-11-29 08:59:14,2025-11-29 08:59:38
76,16,WMS106,GUINDA KILLIOS 24/454GR 16OZ,467,1A2,1,BUEN ESTADO,6S2509,FU04661,2,24.0,2025-12-05 15:04:17.363000,2025-12-05 15:04:17.363000
86,18,WMS108,MIEL LOS TILOS 24/730GR 25.8OZ,537,4C4,1,BUEN ESTADO,10425,0,2,24.0,2025-11-28 15:12:32,2025-11-28 15:12:32
86,18,WMS108,MIEL LOS TILOS 24/730GR 25.8OZ,537,4C4,1,BUEN ESTADO,11125,FU05342,2,24.0,2026-01-07 10:54:55.427000,2026-01-07 10:54:55.427000
36,8,WMS387,TOMATE DESHIDRATADO EN ACEITE KILLIOS-PREMIO 12/200GR,751,2D2,1,BUEN ESTADO,11042025105,FU05187,2,24.0,2025-12-29 07:54:41.887000,2025-12-29 07:54:41.887000
531,107,WMS193,DULCE DE LECHE LA CONDESA MANGA 30/1lbs.,372,2B3,1,BUEN ESTADO,HP1489/L2,0,2,24.0,2025-11-29 09:12:43,2025-11-29 09:12:43
406,82,WMS170,PIMIENTO MORRON KILLIOS 12/390GR 13.5OZ,720,PICKING,1,BUEN ESTADO,24345CM,0,2,24.0,2025-11-28 15:12:20,2025-11-28 15:12:20
456,92,WMS18,ESPARRAGOS VERDES MIGUELS VIDRIO 12/330GR 11.64OZ,845,3B1,1,BUEN ESTADO,DLF25334,0,2,24.0,2025-11-29 10:03:40,2025-11-29 10:03:40
881,177,WMS26,SALSA MARIE SHARPS CACTUS HABANERO MORINGA 12/10OZ,720,PICKING,1,BUEN ESTADO,A015,FU08866,2,24.0,2026-04-21 07:19:21.267000,2026-04-21 07:19:21.267000
341,69,WMS157,GARBANZO KILLIOS 24/400 GR 14OZ,73,2A1,1,BUEN ESTADO,188X,FU06012,2,21.0,2026-01-26 13:53:42.850000,2026-01-26 13:53:42.850000
106,22,WMS111,MOLDE FRUTALIA NO. 4 20/500 UNID.,1052,MERMA GYK,2,DESTRUIR,2510,P1000122,2,20.0,2025-12-04 18:05:33.033000,2025-12-04 18:05:33.033000
1316,264,WMS56,MAIZ DULCE MIGUELS 24/425GR 15OZ,748,2A2,1,BUEN ESTADO,E2F8055,F3000224,2,20.0,2025-12-09 08:22:40.660000,2025-12-09 08:22:42.073000
1311,263,WMS55,MAIZ DULCE MIGUELS 24/241GR 8.5OZ,235,4C1,1,BUEN ESTADO,E5F7265,F3000207,2,20.0,2025-12-05 08:24:58.583000,2025-12-05 08:24:58.583000
1311,263,WMS55,MAIZ DULCE MIGUELS 24/241GR 8.5OZ,235,4C1,1,BUEN ESTADO,E5F8044,FU06765,2,20.0,2026-02-11 08:39:10.347000,2026-02-11 08:39:10.347000
1276,256,WMS48,PERAS VIDRIO MIGUELS MITADES FRASCO 12/908GR 32OZ,416,1B4,1,BUEN ESTADO,2223924,0,2,18.0,2025-11-28 13:48:57,2025-11-29 08:38:49
726,146,WMS229,MELOCOTON KILLIOS MITADES 12/820 GR 29OZ,133,2A1,1,BUEN ESTADO,24249,FU06720,2,18.0,2026-02-10 10:44:03.050000,2026-02-10 10:44:03.050000
691,139,WMS222,OBLEAS CON AREQUIPE LA CONDESA 12/280 GRS,47,6A3,1,BUEN ESTADO,HP1528/L4,FU05552,2,18.0,2026-01-13 12:08:56.550000,2026-01-13 12:08:56.550000
690,138,WMS221,MANDARINA EN ALMIBAR MIGUELS 12/800GR,1187,8C1,1,BUEN ESTADO,24642,0,2,18.0,2025-05-28 17:38:59,2025-05-28 17:38:59
1330,266,WMS58,CEBOLLITAS PERLA DON LAZARO 6/890GR 31.8OZ,1456,MERMA,1,BUEN ESTADO,18032025103,57000043,2,17.0,2025-06-07 23:52:03.297000,2025-06-07 23:52:03.297000
771,155,WMS237,ACEITUNA EXCELENCIA DOYPACK S/HUESO 16/170 GR 6OZ,424,2B1,1,BUEN ESTADO,25260AG,FU06363,2,16.0,2026-02-04 10:55:03.343000,2026-02-04 10:55:03.343000
396,80,WMS169,CHILE PIMIENTO KILLIOS 24/185 GR 6.5OZ,784,4A1,16,MAL ESTADO,23200CM,FU07684,2,16.0,2026-03-11 08:24:43.023000,2026-03-11 08:24:43.023000
366,74,WMS161,GARBANZOS KILLIOS 12/800 GR 28OZ,75,2C1,1,BUEN ESTADO,191X,FU07392,2,16.0,2026-02-27 08:29:25.227000,2026-02-27 08:29:25.227000
691,139,WMS222,OBLEAS CON AREQUIPE LA CONDESA 12/280 GRS,47,6A3,1,BUEN ESTADO,HP1548/L4,FU07485,2,14.0,2026-03-03 12:08:38.033000,2026-03-03 12:08:38.033000
406,82,WMS170,PIMIENTO MORRON KILLIOS 12/390GR 13.5OZ,512,3B3,1,BUEN ESTADO,23209CM,0,2,14.0,2025-11-28 17:01:03,2025-11-28 17:01:03
2199,315,WMS282,ACEITE OLIVA VIRGEN EXTRA LA ESPANOLA 12/250ML,11,2A1,1,BUEN ESTADO,05225,0,2,14.0,2025-11-29 16:33:17.893000,2025-11-29 16:33:17.893000
2199,315,WMS282,ACEITE OLIVA VIRGEN EXTRA LA ESPANOLA 12/250ML,758,2C4,1,BUEN ESTADO,05225,0,2,12.0,2025-11-29 16:33:17.893000,2025-11-29 16:33:17.893000
1381,277,WMS68,GUINDAS FRUTALIA SIN TALLO 12/908GR 32OZ,366,2D1,1,BUEN ESTADO,2S2508,FU04587,2,12.0,2025-12-04 18:59:55.860000,2025-12-04 18:59:55.860000
1431,287,WMS77,PEPINILLOS MIGUELS ROD. HAMBURGUESA 12/440GR 15.5OZ,246,4B4,1,BUEN ESTADO,75.06526,FU08186,2,12.0,2026-03-25 12:17:03.860000,2026-03-25 12:17:03.860000
476,96,WMS183,MERMELADA ADRIANNA NARANJA 12/330GR 11.5OZ,304,2B1,1,BUEN ESTADO,18092029,FU04727,2,12.0,2025-12-10 10:09:12.253000,2025-12-10 10:09:12.253000
531,107,WMS193,DULCE DE LECHE LA CONDESA MANGA 30/1lbs.,372,2B3,1,BUEN ESTADO,HP1471L1,0,2,12.0,2025-11-29 08:36:05,2025-11-29 08:36:05
701,141,WMS224,ARVEJA KILLIOS 12/800GR 28.22 OZ,492,2B3,1,BUEN ESTADO,5501,0,2,12.0,2025-11-29 12:03:18,2025-11-29 12:03:18
686,138,WMS221,MANDARINA EN ALMIBAR MIGUELS 12/800GR,529,4C2,1,BUEN ESTADO,DLF25428,FU08592,2,12.0,2026-04-14 09:08:43.570000,2026-04-14 09:08:43.570000
661,133,WMS216,VINAGRE DE MANZANA ORGANICO DON LAZARO 12/500ML,503,3A1,1,BUEN ESTADO,17453MEB,FU05494,2,12.0,2026-01-12 10:54:02.350000,2026-01-12 10:54:02.350000
661,133,WMS216,VINAGRE DE MANZANA ORGANICO DON LAZARO 12/500ML,503,3A1,1,BUEN ESTADO,17453MEB,FU07313,2,12.0,2026-02-25 09:50:38.567000,2026-02-25 09:50:38.567000
671,135,WMS219,PEPINILLOS MIGUELS ENTEROS 12/908GR 32OZ,972,3A3,1,BUEN ESTADO,75.05626,FU07462,2,12.0,2026-03-03 09:04:19.133000,2026-03-03 09:04:19.133000
686,138,WMS221,MANDARINA EN ALMIBAR MIGUELS 12/800GR,234,4B1,1,BUEN ESTADO,DLF25428,0,2,12.0,2025-11-28 18:04:24,2025-11-28 18:04:24
366,74,WMS161,GARBANZOS KILLIOS 12/800 GR 28OZ,75,2C1,1,BUEN ESTADO,191X,FU07812,2,12.0,2026-03-13 10:10:01.757000,2026-03-13 10:10:01.757000
391,79,WMS167,MELOCOTON MIGUELS MITADES 12/820GR 29OZ,113,1A1,1,BUEN ESTADO,24220,FU05885,2,12.0,2026-01-22 12:05:22.060000,2026-01-22 12:05:22.060000
366,74,WMS161,GARBANZOS KILLIOS 12/800 GR 28OZ,75,2C1,1,BUEN ESTADO,191X,FU07047,2,12.0,2026-02-18 10:37:07.693000,2026-02-18 10:37:07.693000
391,79,WMS167,MELOCOTON MIGUELS MITADES 12/820GR 29OZ,113,1A1,1,BUEN ESTADO,24221,FU07692,2,12.0,2026-03-11 09:26:48.963000,2026-03-11 09:26:48.963000
391,79,WMS167,MELOCOTON MIGUELS MITADES 12/820GR 29OZ,113,1A1,1,BUEN ESTADO,24221,FU07693,2,12.0,2026-03-11 09:27:14.620000,2026-03-11 09:27:14.620000
391,79,WMS167,MELOCOTON MIGUELS MITADES 12/820GR 29OZ,1035,1A1,1,BUEN ESTADO,24220,FU07654,2,12.0,2026-03-10 09:12:02.990000,2026-03-10 09:12:02.990000
391,79,WMS167,MELOCOTON MIGUELS MITADES 12/820GR 29OZ,1035,1A1,1,BUEN ESTADO,24220,FU07984,2,12.0,2026-03-19 11:51:24.440000,2026-03-19 11:51:24.440000
151,31,WMS12,SALSA PICANTE MARIE SHARPS HABANERO 12/296ML 10OZ,763,2D5,1,BUEN ESTADO,N386,0,2,12.0,2025-11-29 16:10:47.253000,2025-11-29 16:10:47.253000
166,34,WMS122,PINA MIGUELS EN RODAJA 12/820GR 29OZ,55,1C1,1,BUEN ESTADO,2404826,FU07248,2,12.0,2026-02-24 07:41:19.497000,2026-02-24 07:41:19.497000
166,34,WMS122,PINA MIGUELS EN RODAJA 12/820GR 29OZ,55,1C1,1,BUEN ESTADO,2433525,FU05984,2,12.0,2026-01-26 06:27:20.283000,2026-01-26 06:27:20.283000
41,9,WMS51,ACEITE DE ORUJO DE OLIVA DON LAZARO 12/500 ML,197,2A2,1,BUEN ESTADO,25265E34,FU07644,2,12.0,2026-03-10 07:21:30.967000,2026-03-10 07:21:30.967000
551,111,WMS197,MERMELADA MONODOSIS MELOCOTON Y FRESA 6/112GR 4PACK,11,2A1,1,BUEN ESTADO,22072028,0,2,11.0,2025-11-29 07:43:04,2025-11-29 15:10:15
596,120,WMS204,ACEITE OLIVA VIRGEN EXTRA DON LAZARO 12/500ML,11,2A1,1,BUEN ESTADO,25268F42,FU05849,2,10.0,2026-01-22 09:21:33.290000,2026-01-22 09:21:33.290000
586,118,WMS202,ACEITE OLIVA VIRGEN EXTRA DON LAZARO 12/1 LT,61,1A3,1,BUEN ESTADO,25148F42,0,2,10.0,2025-11-28 15:19:46,2025-11-28 15:19:46
626,126,WMS21,SALSA NOPAL VERDE MARIE SHARPS HABANERO 12/148ML 5OZ,879,1D4,1,BUEN ESTADO,N378,0,2,10.0,2025-11-29 10:57:36,2025-11-29 10:57:36
166,34,WMS122,PINA MIGUELS EN RODAJA 12/820GR 29OZ,55,1C1,1,BUEN ESTADO,1285,FU07687,2,10.0,2026-03-11 09:15:00.033000,2026-03-11 09:15:00.033000
351,71,WMS159,LENTEJAS DON LAZARO 12/400GR,21,3A1,21,NUEVA ERA,345X,FU07252,2,10.0,2026-02-24 08:22:52.623000,2026-02-24 08:22:52.623000
366,74,WMS161,GARBANZOS KILLIOS 12/800 GR 28OZ,75,2C1,1,BUEN ESTADO,635,FU06827,2,10.0,2026-02-12 10:40:26.870000,2026-02-12 10:40:26.870000
306,62,WMS150,ACEITUNA EXCELENCIA R.PIMIENTO 12/300 GR 10.5OZ,21,3A1,21,NUEVA ERA,25254AG,FU05246,2,10.0,2025-12-30 14:19:02.303000,2025-12-30 14:19:02.303000
1036,208,WMS3,PEPINILLOS MIGUELS EN MITADES 12/454GR 16OZ,413,1C3,1,BUEN ESTADO,75.27025,0,2,10.0,2025-11-28 11:52:23,2025-11-28 11:52:42
1296,260,WMS52,"HIGO DE PRIMERA MIGUELS ENTERO LATA 6/1 GALON 3,115g",445,3C1,1,BUEN ESTADO,0918325,FU05211,2,9.0,2025-12-29 13:38:47.750000,2025-12-29 13:38:47.750000
41,9,WMS51,ACEITE DE ORUJO DE OLIVA DON LAZARO 12/500 ML,197,2A2,1,BUEN ESTADO,25177E34,0,2,9.0,2025-11-29 10:44:31,2025-11-29 12:11:59
826,166,WMS249,CHOCOLATE ARANDANOS CARDON 18/42gr 1.5OZ BOLSITA,3,1A2,1,BUEN ESTADO,1.25,0,2,9.0,2025-11-29 17:58:34.050000,2025-11-29 17:58:34.050000
536,108,WMS194,PRODUCTO ESPECIAL EXTRA ESPESO DULCE DE LECHE DECORACION LA CONDESA BOLSA 6/5lbs,36,5B2,1,BUEN ESTADO,HP1506/L1,FU04940,2,9.0,2025-12-16 14:05:48.667000,2025-12-16 14:05:48.667000
871,175,WMS258,ACEITUNA EXCELENCIA RELLENA DE PIMIENTO 6/800GR 28OZ,390,3D2,1,BUEN ESTADO,25283AG,FU05035,2,8.0,2025-12-18 14:41:01.973000,2025-12-18 14:41:01.973000
686,138,WMS221,MANDARINA EN ALMIBAR MIGUELS 12/800GR,529,4C2,1,BUEN ESTADO,24642,0,2,8.0,2025-11-29 07:02:52,2025-11-29 10:59:11
346,70,WMS158,GARBANZO DON LAZARO 24/400 GR 14OZ,21,3A1,21,NUEVA ERA,G170,FU04625,2,8.0,2025-12-05 13:28:44.480000,2025-12-05 13:28:44.480000
391,79,WMS167,MELOCOTON MIGUELS MITADES 12/820GR 29OZ,1035,1A1,1,BUEN ESTADO,24220,FU06776,2,8.0,2026-02-11 09:13:10.403000,2026-02-11 09:13:10.403000
1481,297,WMS87,CHAMPINONES KILLIOS 24/184GRMS 4.5OZ,11,2A1,1,BUEN ESTADO,698,0,2,8.0,2025-11-28 18:28:14,2025-11-28 18:28:14
2247,323,WMS398,MANGO MIGUELS FRUTISIMAS 7/ 2 PACK 1280G,789,4B2,20,PRICESMART,80.13025,0,2,7.0,2026-04-10 12:06:43.107000,2026-04-10 12:13:25.747000
316,64,WMS152,ACEITUNA EXCELENCIA R. ANCHOA 15/350 GR 12OZ,11,2A1,1,BUEN ESTADO,25178AG,FU07019,2,7.0,2026-02-18 06:43:53.907000,2026-02-18 06:43:53.907000
676,136,WMS22,SALSA AHUMADA MARIE SHARPS HABANERO 12/148ML 5OZ,408,1B2,1,BUEN ESTADO,N742,F7000105,2,7.0,2025-12-18 13:46:23.233000,2025-12-18 13:46:23.233000
686,138,WMS221,MANDARINA EN ALMIBAR MIGUELS 12/800GR,529,4C2,1,BUEN ESTADO,DLF25428,0,2,6.0,2025-11-29 10:41:08,2025-11-29 10:41:08
566,114,WMS2,PALMITOS MIGUELS ENTEROS 12/420GR 15OZ,889,2B2,1,BUEN ESTADO,18.15725,FU05996,2,6.0,2026-01-26 13:34:32.567000,2026-01-26 13:34:32.567000
601,121,WMS205,ACEITE OLIVA VIRGEN EXTRA DON LAZARO 6/2 LT,59,1C2,1,BUEN ESTADO,25260F42,FU08767,2,6.0,2026-04-17 09:49:05.733000,2026-04-17 09:49:05.733000
401,81,WMS17,SALSA PICANTE MARIE SHARPS HABANERO 12/148ML 5OZ,345,1C1,1,BUEN ESTADO,N739,F7000112,2,6.0,2025-12-18 13:46:22.840000,2025-12-18 13:46:22.840000
231,47,WMS135,PINA MIGUELS RODAJA 6/3000GR 105OZ,469,1C2,1,BUEN ESTADO,1405C,0,2,6.0,2025-11-29 11:58:03,2025-11-29 11:58:03
251,51,WMS139,ACEITUNAS EXCELENCIA NEGRAS POUCH EN RODAJA 10/1700GRS,893,2B3,1,BUEN ESTADO,25234AG,F7000140,2,6.0,2026-03-26 10:52:39.687000,2026-03-26 10:52:39.687000
1511,303,WMS92,MELOCOTON MIGUELS MITADES 6/2650GR 93.5OZ GALON,1038,1A1,1,BUEN ESTADO,24209,FU07086,2,6.0,2026-02-19 09:29:48.640000,2026-02-19 09:29:48.640000
1511,303,WMS92,MELOCOTON MIGUELS MITADES 6/2650GR 93.5OZ GALON,1038,1A1,1,BUEN ESTADO,24214,FU07085,2,6.0,2026-02-19 09:29:00.823000,2026-02-19 09:29:00.823000
1351,271,WMS62,MAIZ DULCE MIGUELS GALON 6/2900g,135,2C1,1,BUEN ESTADO,60120,FU08463,2,6.0,2026-04-09 13:43:24.713000,2026-04-09 13:43:24.713000
1296,260,WMS52,"HIGO DE PRIMERA MIGUELS ENTERO LATA 6/1 GALON 3,115g",450,3D2,1,BUEN ESTADO,0918325,FU06967,2,6.0,2026-02-16 11:39:05.083000,2026-02-16 11:39:05.083000
1296,260,WMS52,"HIGO DE PRIMERA MIGUELS ENTERO LATA 6/1 GALON 3,115g",458,3D4,1,BUEN ESTADO,0918325,FU08123,2,6.0,2026-03-24 12:19:38.667000,2026-03-24 12:19:38.667000
1296,260,WMS52,"HIGO DE PRIMERA MIGUELS ENTERO LATA 6/1 GALON 3,115g",445,3C1,1,BUEN ESTADO,0918325,FU04978,2,6.0,2025-12-17 13:03:23.310000,2025-12-17 13:03:23.310000
1296,260,WMS52,"HIGO DE PRIMERA MIGUELS ENTERO LATA 6/1 GALON 3,115g",338,3D4,1,BUEN ESTADO,0921325,FU04926,2,6.0,2025-12-16 13:23:05.207000,2025-12-16 13:23:05.207000
1136,228,WMS32,ACEITUNAS MIGUELS RELLENAS DOY PACK 24/200GR 7OZ,22,3B1,16,MAL ESTADO,01.20725,FU05479,2,6.0,2026-01-12 10:31:17.120000,2026-01-12 10:31:17.120000
1211,243,WMS383,GUINDA FRUTALIA S/TALLO GALON CUBETA PLASTICA CAJA 4/4256GR 150OZ,326,3D1,1,BUEN ESTADO,CS2601,FU07557,2,6.0,2026-03-04 12:45:07.300000,2026-03-04 12:45:07.300000
1346,270,WMS61,MELOCOTON DE LA CIMA MITADES 12/820 GRS 29OZ,11,2A1,1,BUEN ESTADO,20212,0,2,5.0,2025-11-28 14:42:43,2025-11-28 14:42:43
1421,285,WMS75,PEPINILLOS MIGUELS ENTEROS 12/440GR 15.5OZ,358,1D4,1,BUEN ESTADO,75.14225,FU06041,2,5.0,2026-01-27 09:25:17.333000,2026-01-27 09:25:17.333000
1391,279,WMS7,COCTEL DE FRUTAS MIGUELS 12/820GR 29OZ,21,3A1,21,NUEVA ERA,SYF25140,FU08695,2,4.0,2026-04-16 10:36:13.653000,2026-04-16 10:36:13.653000
1211,243,WMS383,GUINDA FRUTALIA S/TALLO GALON CUBETA PLASTICA CAJA 4/4256GR 150OZ,326,3D1,1,BUEN ESTADO,CS2601,FU06157,2,4.0,2026-01-29 06:36:36.967000,2026-01-29 06:36:36.967000
1216,244,WMS384,GUINDA FRUTALIA C/TALLO GALON CUBETA PLASTICA CAJA 4/4256GR 150OZ,294,1D3,1,BUEN ESTADO,CC2601,FU07552,2,4.0,2026-03-04 12:35:46.097000,2026-03-04 12:35:46.097000
1511,303,WMS92,MELOCOTON MIGUELS MITADES 6/2650GR 93.5OZ GALON,21,3A1,21,NUEVA ERA,24201,FU09008,2,4.0,2026-04-24 08:05:16.747000,2026-04-24 08:05:16.747000
251,51,WMS139,ACEITUNAS EXCELENCIA NEGRAS POUCH EN RODAJA 10/1700GRS,951,2D2,1,BUEN ESTADO,25142AG,FU04826,2,4.0,2025-12-12 11:31:56.043000,2025-12-12 11:31:56.043000
266,54,WMS141,MIEL LA CONDESA 6/950 GRS,11,2A1,1,BUEN ESTADO,250711,0,2,4.0,2025-11-29 12:59:59,2025-11-29 12:59:59
346,70,WMS158,GARBANZO DON LAZARO 24/400 GR 14OZ,44,6B1,1,BUEN ESTADO,258X,FU04821,2,4.0,2025-12-12 11:17:34.783000,2025-12-12 11:17:34.783000
391,79,WMS167,MELOCOTON MIGUELS MITADES 12/820GR 29OZ,113,1A1,1,BUEN ESTADO,24220,FU08076,2,4.0,2026-03-23 06:16:19.813000,2026-03-23 06:16:19.813000
11,3,WMS297,ACEITUNA EXCELENCIA VERDE S/H 12/230 GRS.,11,2A1,1,BUEN ESTADO,25069AG,FU04897,2,4.0,2025-12-15 11:31:12.300000,2025-12-15 11:31:12.300000
581,117,WMS201,NANCE MIGUELS 12/32 OZ.,501,2C5,1,BUEN ESTADO,MM 19.15123,0,2,4.0,2025-11-29 07:12:26,2025-11-29 07:12:26
691,139,WMS222,OBLEAS CON AREQUIPE LA CONDESA 12/280 GRS,47,6A3,1,BUEN ESTADO,HP1493/L4,FU04434,2,4.0,2025-12-02 14:20:41.460000,2025-12-02 14:20:41.460000
786,158,WMS24,SALSA PICANTE MARIE SHARPS HABANERO 4/128OZ GALON,301,1C5,1,BUEN ESTADO,M787,0,2,4.0,2025-11-29 17:32:35.863000,2025-11-29 17:32:35.863000
1511,303,WMS92,MELOCOTON MIGUELS MITADES 6/2650GR 93.5OZ GALON,21,3A1,21,NUEVA ERA,24200,FU08662,2,3.0,2026-04-16 06:40:45.507000,2026-04-16 06:40:45.507000
1491,299,WMS89,CHAMPINONES KILLIOS 24/400GRMS 14.1OZ,677,2C1,1,BUEN ESTADO,366,FU04673,2,3.0,2025-12-05 16:07:14.943000,2025-12-05 16:07:14.943000
1216,244,WMS384,GUINDA FRUTALIA C/TALLO GALON CUBETA PLASTICA CAJA 4/4256GR 150OZ,44,6B1,1,BUEN ESTADO, CC2601,FU08754,2,3.0,2026-04-17 07:49:15.443000,2026-04-17 07:49:15.443000
2241,322,WMS397,GARBANZOS KILLIOS 4/3PK 800 GR,772,3A3,1,BUEN ESTADO,635,FU06755,2,2.0,2026-02-11 08:04:42.597000,2026-02-11 08:04:42.597000
