IdStockHist,IdStock,IdNuevoStock,cantidad,lote,lic_plate,IdUbicacion,ubic,IdUbicacion_anterior,ubic_anterior,IdRecepcionEnc,IdRecepcionDet,IdPedidoEnc,IdPickingEnc,IdDespachoEnc,fecha_ingreso,fec_agr,user_agr,fec_mod,user_mod,activo
83477,121768,0,2.0,BG2512,FU06688,720,PICKING,308,2B2,2179,1,17013,6491,12860,2026-04-09 12:08:56.577000,2026-04-09 12:08:56.593000,18,2026-04-09 12:08:56.593000,18,True
83477,121768,0,2.0,BG2512,FU06688,720,9D4,308,2B2,2179,1,17013,6491,12860,2026-04-09 12:08:56.577000,2026-04-09 12:08:56.593000,18,2026-04-09 12:08:56.593000,18,True
83477,121768,0,2.0,BG2512,FU06688,720,9D4,308,2B2,2179,1,17013,6491,12860,2026-04-09 12:08:56.577000,2026-04-09 12:08:56.593000,18,2026-04-09 12:08:56.593000,18,True
83477,121768,0,2.0,BG2512,FU06688,720,9D4,308,2B2,2179,1,17013,6491,12860,2026-04-09 12:08:56.577000,2026-04-09 12:08:56.593000,18,2026-04-09 12:08:56.593000,18,True
83477,121768,0,2.0,BG2512,FU06688,720,PICKING,308,2B2,2179,1,17013,6491,12860,2026-04-09 12:08:56.577000,2026-04-09 12:08:56.593000,18,2026-04-09 12:08:56.593000,18,True
83477,121768,0,2.0,BG2512,FU06688,720,PICKING,308,2B2,2179,1,17013,6491,12860,2026-04-09 12:08:56.577000,2026-04-09 12:08:56.593000,18,2026-04-09 12:08:56.593000,18,True
83477,121768,0,2.0,BG2512,FU06688,720,PICKING,308,12D1,2179,1,17013,6491,12860,2026-04-09 12:08:56.577000,2026-04-09 12:08:56.593000,18,2026-04-09 12:08:56.593000,18,True
83477,121768,0,2.0,BG2512,FU06688,720,9D4,308,12D1,2179,1,17013,6491,12860,2026-04-09 12:08:56.577000,2026-04-09 12:08:56.593000,18,2026-04-09 12:08:56.593000,18,True
83477,121768,0,2.0,BG2512,FU06688,720,9D4,308,12D1,2179,1,17013,6491,12860,2026-04-09 12:08:56.577000,2026-04-09 12:08:56.593000,18,2026-04-09 12:08:56.593000,18,True
83477,121768,0,2.0,BG2512,FU06688,720,9D4,308,12D1,2179,1,17013,6491,12860,2026-04-09 12:08:56.577000,2026-04-09 12:08:56.593000,18,2026-04-09 12:08:56.593000,18,True
83477,121768,0,2.0,BG2512,FU06688,720,PICKING,308,12D1,2179,1,17013,6491,12860,2026-04-09 12:08:56.577000,2026-04-09 12:08:56.593000,18,2026-04-09 12:08:56.593000,18,True
83477,121768,0,2.0,BG2512,FU06688,720,PICKING,308,12D1,2179,1,17013,6491,12860,2026-04-09 12:08:56.577000,2026-04-09 12:08:56.593000,18,2026-04-09 12:08:56.593000,18,True
83477,121768,0,2.0,BG2512,FU06688,720,PICKING,308,12D1,2179,1,17013,6491,12860,2026-04-09 12:08:56.577000,2026-04-09 12:08:56.593000,18,2026-04-09 12:08:56.593000,18,True
83477,121768,0,2.0,BG2512,FU06688,720,9D4,308,12D1,2179,1,17013,6491,12860,2026-04-09 12:08:56.577000,2026-04-09 12:08:56.593000,18,2026-04-09 12:08:56.593000,18,True
83477,121768,0,2.0,BG2512,FU06688,720,9D4,308,12D1,2179,1,17013,6491,12860,2026-04-09 12:08:56.577000,2026-04-09 12:08:56.593000,18,2026-04-09 12:08:56.593000,18,True
83477,121768,0,2.0,BG2512,FU06688,720,9D4,308,12D1,2179,1,17013,6491,12860,2026-04-09 12:08:56.577000,2026-04-09 12:08:56.593000,18,2026-04-09 12:08:56.593000,18,True
83477,121768,0,2.0,BG2512,FU06688,720,PICKING,308,12D1,2179,1,17013,6491,12860,2026-04-09 12:08:56.577000,2026-04-09 12:08:56.593000,18,2026-04-09 12:08:56.593000,18,True
83477,121768,0,2.0,BG2512,FU06688,720,PICKING,308,12D1,2179,1,17013,6491,12860,2026-04-09 12:08:56.577000,2026-04-09 12:08:56.593000,18,2026-04-09 12:08:56.593000,18,True
83477,121768,0,2.0,BG2512,FU06688,720,PICKING,308,12D1,2179,1,17013,6491,12860,2026-04-09 12:08:56.577000,2026-04-09 12:08:56.593000,18,2026-04-09 12:08:56.593000,18,True
83477,121768,0,2.0,BG2512,FU06688,720,9D4,308,12D1,2179,1,17013,6491,12860,2026-04-09 12:08:56.577000,2026-04-09 12:08:56.593000,18,2026-04-09 12:08:56.593000,18,True
83477,121768,0,2.0,BG2512,FU06688,720,9D4,308,12D1,2179,1,17013,6491,12860,2026-04-09 12:08:56.577000,2026-04-09 12:08:56.593000,18,2026-04-09 12:08:56.593000,18,True
83477,121768,0,2.0,BG2512,FU06688,720,9D4,308,12D1,2179,1,17013,6491,12860,2026-04-09 12:08:56.577000,2026-04-09 12:08:56.593000,18,2026-04-09 12:08:56.593000,18,True
83477,121768,0,2.0,BG2512,FU06688,720,PICKING,308,12D1,2179,1,17013,6491,12860,2026-04-09 12:08:56.577000,2026-04-09 12:08:56.593000,18,2026-04-09 12:08:56.593000,18,True
83477,121768,0,2.0,BG2512,FU06688,720,PICKING,308,12D1,2179,1,17013,6491,12860,2026-04-09 12:08:56.577000,2026-04-09 12:08:56.593000,18,2026-04-09 12:08:56.593000,18,True
83477,121768,0,2.0,BG2512,FU06688,720,PICKING,308,2B2,2179,1,17013,6491,12860,2026-04-09 12:08:56.577000,2026-04-09 12:08:56.593000,18,2026-04-09 12:08:56.593000,18,True
83477,121768,0,2.0,BG2512,FU06688,720,9D4,308,2B2,2179,1,17013,6491,12860,2026-04-09 12:08:56.577000,2026-04-09 12:08:56.593000,18,2026-04-09 12:08:56.593000,18,True
83477,121768,0,2.0,BG2512,FU06688,720,9D4,308,2B2,2179,1,17013,6491,12860,2026-04-09 12:08:56.577000,2026-04-09 12:08:56.593000,18,2026-04-09 12:08:56.593000,18,True
83477,121768,0,2.0,BG2512,FU06688,720,9D4,308,2B2,2179,1,17013,6491,12860,2026-04-09 12:08:56.577000,2026-04-09 12:08:56.593000,18,2026-04-09 12:08:56.593000,18,True
83477,121768,0,2.0,BG2512,FU06688,720,PICKING,308,2B2,2179,1,17013,6491,12860,2026-04-09 12:08:56.577000,2026-04-09 12:08:56.593000,18,2026-04-09 12:08:56.593000,18,True
83477,121768,0,2.0,BG2512,FU06688,720,PICKING,308,2B2,2179,1,17013,6491,12860,2026-04-09 12:08:56.577000,2026-04-09 12:08:56.593000,18,2026-04-09 12:08:56.593000,18,True
83477,121768,0,2.0,BG2512,FU06688,720,PICKING,308,2B2,2179,1,17013,6491,12860,2026-04-09 12:08:56.577000,2026-04-09 12:08:56.593000,18,2026-04-09 12:08:56.593000,18,True
83477,121768,0,2.0,BG2512,FU06688,720,9D4,308,2B2,2179,1,17013,6491,12860,2026-04-09 12:08:56.577000,2026-04-09 12:08:56.593000,18,2026-04-09 12:08:56.593000,18,True
83477,121768,0,2.0,BG2512,FU06688,720,9D4,308,2B2,2179,1,17013,6491,12860,2026-04-09 12:08:56.577000,2026-04-09 12:08:56.593000,18,2026-04-09 12:08:56.593000,18,True
83477,121768,0,2.0,BG2512,FU06688,720,9D4,308,2B2,2179,1,17013,6491,12860,2026-04-09 12:08:56.577000,2026-04-09 12:08:56.593000,18,2026-04-09 12:08:56.593000,18,True
83477,121768,0,2.0,BG2512,FU06688,720,PICKING,308,2B2,2179,1,17013,6491,12860,2026-04-09 12:08:56.577000,2026-04-09 12:08:56.593000,18,2026-04-09 12:08:56.593000,18,True
83477,121768,0,2.0,BG2512,FU06688,720,PICKING,308,2B2,2179,1,17013,6491,12860,2026-04-09 12:08:56.577000,2026-04-09 12:08:56.593000,18,2026-04-09 12:08:56.593000,18,True
83478,127277,0,8.0,BG2512,FU06688,720,PICKING,308,2B2,2179,1,17013,6491,12860,2026-04-09 12:08:56.593000,2026-04-09 12:08:56.593000,18,2026-04-09 12:08:56.593000,18,True
83478,127277,0,8.0,BG2512,FU06688,720,9D4,308,2B2,2179,1,17013,6491,12860,2026-04-09 12:08:56.593000,2026-04-09 12:08:56.593000,18,2026-04-09 12:08:56.593000,18,True
83478,127277,0,8.0,BG2512,FU06688,720,9D4,308,2B2,2179,1,17013,6491,12860,2026-04-09 12:08:56.593000,2026-04-09 12:08:56.593000,18,2026-04-09 12:08:56.593000,18,True
83478,127277,0,8.0,BG2512,FU06688,720,9D4,308,2B2,2179,1,17013,6491,12860,2026-04-09 12:08:56.593000,2026-04-09 12:08:56.593000,18,2026-04-09 12:08:56.593000,18,True
83478,127277,0,8.0,BG2512,FU06688,720,PICKING,308,2B2,2179,1,17013,6491,12860,2026-04-09 12:08:56.593000,2026-04-09 12:08:56.593000,18,2026-04-09 12:08:56.593000,18,True
83478,127277,0,8.0,BG2512,FU06688,720,PICKING,308,2B2,2179,1,17013,6491,12860,2026-04-09 12:08:56.593000,2026-04-09 12:08:56.593000,18,2026-04-09 12:08:56.593000,18,True
83478,127277,0,8.0,BG2512,FU06688,720,PICKING,308,12D1,2179,1,17013,6491,12860,2026-04-09 12:08:56.593000,2026-04-09 12:08:56.593000,18,2026-04-09 12:08:56.593000,18,True
83478,127277,0,8.0,BG2512,FU06688,720,9D4,308,12D1,2179,1,17013,6491,12860,2026-04-09 12:08:56.593000,2026-04-09 12:08:56.593000,18,2026-04-09 12:08:56.593000,18,True
83478,127277,0,8.0,BG2512,FU06688,720,9D4,308,12D1,2179,1,17013,6491,12860,2026-04-09 12:08:56.593000,2026-04-09 12:08:56.593000,18,2026-04-09 12:08:56.593000,18,True
83478,127277,0,8.0,BG2512,FU06688,720,9D4,308,12D1,2179,1,17013,6491,12860,2026-04-09 12:08:56.593000,2026-04-09 12:08:56.593000,18,2026-04-09 12:08:56.593000,18,True
83478,127277,0,8.0,BG2512,FU06688,720,PICKING,308,12D1,2179,1,17013,6491,12860,2026-04-09 12:08:56.593000,2026-04-09 12:08:56.593000,18,2026-04-09 12:08:56.593000,18,True
83478,127277,0,8.0,BG2512,FU06688,720,PICKING,308,12D1,2179,1,17013,6491,12860,2026-04-09 12:08:56.593000,2026-04-09 12:08:56.593000,18,2026-04-09 12:08:56.593000,18,True
83478,127277,0,8.0,BG2512,FU06688,720,PICKING,308,12D1,2179,1,17013,6491,12860,2026-04-09 12:08:56.593000,2026-04-09 12:08:56.593000,18,2026-04-09 12:08:56.593000,18,True
83478,127277,0,8.0,BG2512,FU06688,720,9D4,308,12D1,2179,1,17013,6491,12860,2026-04-09 12:08:56.593000,2026-04-09 12:08:56.593000,18,2026-04-09 12:08:56.593000,18,True
83478,127277,0,8.0,BG2512,FU06688,720,9D4,308,12D1,2179,1,17013,6491,12860,2026-04-09 12:08:56.593000,2026-04-09 12:08:56.593000,18,2026-04-09 12:08:56.593000,18,True
83478,127277,0,8.0,BG2512,FU06688,720,9D4,308,12D1,2179,1,17013,6491,12860,2026-04-09 12:08:56.593000,2026-04-09 12:08:56.593000,18,2026-04-09 12:08:56.593000,18,True
83478,127277,0,8.0,BG2512,FU06688,720,PICKING,308,12D1,2179,1,17013,6491,12860,2026-04-09 12:08:56.593000,2026-04-09 12:08:56.593000,18,2026-04-09 12:08:56.593000,18,True
83478,127277,0,8.0,BG2512,FU06688,720,PICKING,308,12D1,2179,1,17013,6491,12860,2026-04-09 12:08:56.593000,2026-04-09 12:08:56.593000,18,2026-04-09 12:08:56.593000,18,True
83478,127277,0,8.0,BG2512,FU06688,720,PICKING,308,12D1,2179,1,17013,6491,12860,2026-04-09 12:08:56.593000,2026-04-09 12:08:56.593000,18,2026-04-09 12:08:56.593000,18,True
83478,127277,0,8.0,BG2512,FU06688,720,9D4,308,12D1,2179,1,17013,6491,12860,2026-04-09 12:08:56.593000,2026-04-09 12:08:56.593000,18,2026-04-09 12:08:56.593000,18,True
83478,127277,0,8.0,BG2512,FU06688,720,9D4,308,12D1,2179,1,17013,6491,12860,2026-04-09 12:08:56.593000,2026-04-09 12:08:56.593000,18,2026-04-09 12:08:56.593000,18,True
83478,127277,0,8.0,BG2512,FU06688,720,9D4,308,12D1,2179,1,17013,6491,12860,2026-04-09 12:08:56.593000,2026-04-09 12:08:56.593000,18,2026-04-09 12:08:56.593000,18,True
83478,127277,0,8.0,BG2512,FU06688,720,PICKING,308,12D1,2179,1,17013,6491,12860,2026-04-09 12:08:56.593000,2026-04-09 12:08:56.593000,18,2026-04-09 12:08:56.593000,18,True
83478,127277,0,8.0,BG2512,FU06688,720,PICKING,308,12D1,2179,1,17013,6491,12860,2026-04-09 12:08:56.593000,2026-04-09 12:08:56.593000,18,2026-04-09 12:08:56.593000,18,True
83478,127277,0,8.0,BG2512,FU06688,720,PICKING,308,2B2,2179,1,17013,6491,12860,2026-04-09 12:08:56.593000,2026-04-09 12:08:56.593000,18,2026-04-09 12:08:56.593000,18,True
83478,127277,0,8.0,BG2512,FU06688,720,9D4,308,2B2,2179,1,17013,6491,12860,2026-04-09 12:08:56.593000,2026-04-09 12:08:56.593000,18,2026-04-09 12:08:56.593000,18,True
83478,127277,0,8.0,BG2512,FU06688,720,9D4,308,2B2,2179,1,17013,6491,12860,2026-04-09 12:08:56.593000,2026-04-09 12:08:56.593000,18,2026-04-09 12:08:56.593000,18,True
83478,127277,0,8.0,BG2512,FU06688,720,9D4,308,2B2,2179,1,17013,6491,12860,2026-04-09 12:08:56.593000,2026-04-09 12:08:56.593000,18,2026-04-09 12:08:56.593000,18,True
83478,127277,0,8.0,BG2512,FU06688,720,PICKING,308,2B2,2179,1,17013,6491,12860,2026-04-09 12:08:56.593000,2026-04-09 12:08:56.593000,18,2026-04-09 12:08:56.593000,18,True
83478,127277,0,8.0,BG2512,FU06688,720,PICKING,308,2B2,2179,1,17013,6491,12860,2026-04-09 12:08:56.593000,2026-04-09 12:08:56.593000,18,2026-04-09 12:08:56.593000,18,True
83478,127277,0,8.0,BG2512,FU06688,720,PICKING,308,2B2,2179,1,17013,6491,12860,2026-04-09 12:08:56.593000,2026-04-09 12:08:56.593000,18,2026-04-09 12:08:56.593000,18,True
83478,127277,0,8.0,BG2512,FU06688,720,9D4,308,2B2,2179,1,17013,6491,12860,2026-04-09 12:08:56.593000,2026-04-09 12:08:56.593000,18,2026-04-09 12:08:56.593000,18,True
83478,127277,0,8.0,BG2512,FU06688,720,9D4,308,2B2,2179,1,17013,6491,12860,2026-04-09 12:08:56.593000,2026-04-09 12:08:56.593000,18,2026-04-09 12:08:56.593000,18,True
83478,127277,0,8.0,BG2512,FU06688,720,9D4,308,2B2,2179,1,17013,6491,12860,2026-04-09 12:08:56.593000,2026-04-09 12:08:56.593000,18,2026-04-09 12:08:56.593000,18,True
83478,127277,0,8.0,BG2512,FU06688,720,PICKING,308,2B2,2179,1,17013,6491,12860,2026-04-09 12:08:56.593000,2026-04-09 12:08:56.593000,18,2026-04-09 12:08:56.593000,18,True
83478,127277,0,8.0,BG2512,FU06688,720,PICKING,308,2B2,2179,1,17013,6491,12860,2026-04-09 12:08:56.593000,2026-04-09 12:08:56.593000,18,2026-04-09 12:08:56.593000,18,True
83476,127274,0,3.0,BG2512,FU06688,720,PICKING,308,2B2,2179,1,17013,6491,12860,2026-04-09 12:08:56.560000,2026-04-09 12:08:56.577000,18,2026-04-09 12:08:56.577000,18,True
83476,127274,0,3.0,BG2512,FU06688,720,9D4,308,2B2,2179,1,17013,6491,12860,2026-04-09 12:08:56.560000,2026-04-09 12:08:56.577000,18,2026-04-09 12:08:56.577000,18,True
83476,127274,0,3.0,BG2512,FU06688,720,9D4,308,2B2,2179,1,17013,6491,12860,2026-04-09 12:08:56.560000,2026-04-09 12:08:56.577000,18,2026-04-09 12:08:56.577000,18,True
83476,127274,0,3.0,BG2512,FU06688,720,9D4,308,2B2,2179,1,17013,6491,12860,2026-04-09 12:08:56.560000,2026-04-09 12:08:56.577000,18,2026-04-09 12:08:56.577000,18,True
83476,127274,0,3.0,BG2512,FU06688,720,PICKING,308,2B2,2179,1,17013,6491,12860,2026-04-09 12:08:56.560000,2026-04-09 12:08:56.577000,18,2026-04-09 12:08:56.577000,18,True
83476,127274,0,3.0,BG2512,FU06688,720,PICKING,308,2B2,2179,1,17013,6491,12860,2026-04-09 12:08:56.560000,2026-04-09 12:08:56.577000,18,2026-04-09 12:08:56.577000,18,True
83476,127274,0,3.0,BG2512,FU06688,720,PICKING,308,12D1,2179,1,17013,6491,12860,2026-04-09 12:08:56.560000,2026-04-09 12:08:56.577000,18,2026-04-09 12:08:56.577000,18,True
83476,127274,0,3.0,BG2512,FU06688,720,9D4,308,12D1,2179,1,17013,6491,12860,2026-04-09 12:08:56.560000,2026-04-09 12:08:56.577000,18,2026-04-09 12:08:56.577000,18,True
83476,127274,0,3.0,BG2512,FU06688,720,9D4,308,12D1,2179,1,17013,6491,12860,2026-04-09 12:08:56.560000,2026-04-09 12:08:56.577000,18,2026-04-09 12:08:56.577000,18,True
83476,127274,0,3.0,BG2512,FU06688,720,9D4,308,12D1,2179,1,17013,6491,12860,2026-04-09 12:08:56.560000,2026-04-09 12:08:56.577000,18,2026-04-09 12:08:56.577000,18,True
83476,127274,0,3.0,BG2512,FU06688,720,PICKING,308,12D1,2179,1,17013,6491,12860,2026-04-09 12:08:56.560000,2026-04-09 12:08:56.577000,18,2026-04-09 12:08:56.577000,18,True
83476,127274,0,3.0,BG2512,FU06688,720,PICKING,308,12D1,2179,1,17013,6491,12860,2026-04-09 12:08:56.560000,2026-04-09 12:08:56.577000,18,2026-04-09 12:08:56.577000,18,True
83476,127274,0,3.0,BG2512,FU06688,720,PICKING,308,12D1,2179,1,17013,6491,12860,2026-04-09 12:08:56.560000,2026-04-09 12:08:56.577000,18,2026-04-09 12:08:56.577000,18,True
83476,127274,0,3.0,BG2512,FU06688,720,9D4,308,12D1,2179,1,17013,6491,12860,2026-04-09 12:08:56.560000,2026-04-09 12:08:56.577000,18,2026-04-09 12:08:56.577000,18,True
83476,127274,0,3.0,BG2512,FU06688,720,9D4,308,12D1,2179,1,17013,6491,12860,2026-04-09 12:08:56.560000,2026-04-09 12:08:56.577000,18,2026-04-09 12:08:56.577000,18,True
83476,127274,0,3.0,BG2512,FU06688,720,9D4,308,12D1,2179,1,17013,6491,12860,2026-04-09 12:08:56.560000,2026-04-09 12:08:56.577000,18,2026-04-09 12:08:56.577000,18,True
83476,127274,0,3.0,BG2512,FU06688,720,PICKING,308,12D1,2179,1,17013,6491,12860,2026-04-09 12:08:56.560000,2026-04-09 12:08:56.577000,18,2026-04-09 12:08:56.577000,18,True
83476,127274,0,3.0,BG2512,FU06688,720,PICKING,308,12D1,2179,1,17013,6491,12860,2026-04-09 12:08:56.560000,2026-04-09 12:08:56.577000,18,2026-04-09 12:08:56.577000,18,True
83476,127274,0,3.0,BG2512,FU06688,720,PICKING,308,12D1,2179,1,17013,6491,12860,2026-04-09 12:08:56.560000,2026-04-09 12:08:56.577000,18,2026-04-09 12:08:56.577000,18,True
83476,127274,0,3.0,BG2512,FU06688,720,9D4,308,12D1,2179,1,17013,6491,12860,2026-04-09 12:08:56.560000,2026-04-09 12:08:56.577000,18,2026-04-09 12:08:56.577000,18,True
83476,127274,0,3.0,BG2512,FU06688,720,9D4,308,12D1,2179,1,17013,6491,12860,2026-04-09 12:08:56.560000,2026-04-09 12:08:56.577000,18,2026-04-09 12:08:56.577000,18,True
83476,127274,0,3.0,BG2512,FU06688,720,9D4,308,12D1,2179,1,17013,6491,12860,2026-04-09 12:08:56.560000,2026-04-09 12:08:56.577000,18,2026-04-09 12:08:56.577000,18,True
83476,127274,0,3.0,BG2512,FU06688,720,PICKING,308,12D1,2179,1,17013,6491,12860,2026-04-09 12:08:56.560000,2026-04-09 12:08:56.577000,18,2026-04-09 12:08:56.577000,18,True
83476,127274,0,3.0,BG2512,FU06688,720,PICKING,308,12D1,2179,1,17013,6491,12860,2026-04-09 12:08:56.560000,2026-04-09 12:08:56.577000,18,2026-04-09 12:08:56.577000,18,True
83476,127274,0,3.0,BG2512,FU06688,720,PICKING,308,2B2,2179,1,17013,6491,12860,2026-04-09 12:08:56.560000,2026-04-09 12:08:56.577000,18,2026-04-09 12:08:56.577000,18,True
83476,127274,0,3.0,BG2512,FU06688,720,9D4,308,2B2,2179,1,17013,6491,12860,2026-04-09 12:08:56.560000,2026-04-09 12:08:56.577000,18,2026-04-09 12:08:56.577000,18,True
83476,127274,0,3.0,BG2512,FU06688,720,9D4,308,2B2,2179,1,17013,6491,12860,2026-04-09 12:08:56.560000,2026-04-09 12:08:56.577000,18,2026-04-09 12:08:56.577000,18,True
83476,127274,0,3.0,BG2512,FU06688,720,9D4,308,2B2,2179,1,17013,6491,12860,2026-04-09 12:08:56.560000,2026-04-09 12:08:56.577000,18,2026-04-09 12:08:56.577000,18,True
83476,127274,0,3.0,BG2512,FU06688,720,PICKING,308,2B2,2179,1,17013,6491,12860,2026-04-09 12:08:56.560000,2026-04-09 12:08:56.577000,18,2026-04-09 12:08:56.577000,18,True
83476,127274,0,3.0,BG2512,FU06688,720,PICKING,308,2B2,2179,1,17013,6491,12860,2026-04-09 12:08:56.560000,2026-04-09 12:08:56.577000,18,2026-04-09 12:08:56.577000,18,True
83476,127274,0,3.0,BG2512,FU06688,720,PICKING,308,2B2,2179,1,17013,6491,12860,2026-04-09 12:08:56.560000,2026-04-09 12:08:56.577000,18,2026-04-09 12:08:56.577000,18,True
83476,127274,0,3.0,BG2512,FU06688,720,9D4,308,2B2,2179,1,17013,6491,12860,2026-04-09 12:08:56.560000,2026-04-09 12:08:56.577000,18,2026-04-09 12:08:56.577000,18,True
83476,127274,0,3.0,BG2512,FU06688,720,9D4,308,2B2,2179,1,17013,6491,12860,2026-04-09 12:08:56.560000,2026-04-09 12:08:56.577000,18,2026-04-09 12:08:56.577000,18,True
83476,127274,0,3.0,BG2512,FU06688,720,9D4,308,2B2,2179,1,17013,6491,12860,2026-04-09 12:08:56.560000,2026-04-09 12:08:56.577000,18,2026-04-09 12:08:56.577000,18,True
83476,127274,0,3.0,BG2512,FU06688,720,PICKING,308,2B2,2179,1,17013,6491,12860,2026-04-09 12:08:56.560000,2026-04-09 12:08:56.577000,18,2026-04-09 12:08:56.577000,18,True
83476,127274,0,3.0,BG2512,FU06688,720,PICKING,308,2B2,2179,1,17013,6491,12860,2026-04-09 12:08:56.560000,2026-04-09 12:08:56.577000,18,2026-04-09 12:08:56.577000,18,True
83475,126188,0,3.0,BG2512,FU06688,720,PICKING,308,2B2,2179,1,17013,6491,12860,2026-04-09 12:08:56.560000,2026-04-09 12:08:56.560000,18,2026-04-09 12:08:56.560000,18,True
83475,126188,0,3.0,BG2512,FU06688,720,9D4,308,2B2,2179,1,17013,6491,12860,2026-04-09 12:08:56.560000,2026-04-09 12:08:56.560000,18,2026-04-09 12:08:56.560000,18,True
83475,126188,0,3.0,BG2512,FU06688,720,9D4,308,2B2,2179,1,17013,6491,12860,2026-04-09 12:08:56.560000,2026-04-09 12:08:56.560000,18,2026-04-09 12:08:56.560000,18,True
83475,126188,0,3.0,BG2512,FU06688,720,9D4,308,2B2,2179,1,17013,6491,12860,2026-04-09 12:08:56.560000,2026-04-09 12:08:56.560000,18,2026-04-09 12:08:56.560000,18,True
83475,126188,0,3.0,BG2512,FU06688,720,PICKING,308,2B2,2179,1,17013,6491,12860,2026-04-09 12:08:56.560000,2026-04-09 12:08:56.560000,18,2026-04-09 12:08:56.560000,18,True
83475,126188,0,3.0,BG2512,FU06688,720,PICKING,308,2B2,2179,1,17013,6491,12860,2026-04-09 12:08:56.560000,2026-04-09 12:08:56.560000,18,2026-04-09 12:08:56.560000,18,True
83475,126188,0,3.0,BG2512,FU06688,720,PICKING,308,12D1,2179,1,17013,6491,12860,2026-04-09 12:08:56.560000,2026-04-09 12:08:56.560000,18,2026-04-09 12:08:56.560000,18,True
83475,126188,0,3.0,BG2512,FU06688,720,9D4,308,12D1,2179,1,17013,6491,12860,2026-04-09 12:08:56.560000,2026-04-09 12:08:56.560000,18,2026-04-09 12:08:56.560000,18,True
83475,126188,0,3.0,BG2512,FU06688,720,9D4,308,12D1,2179,1,17013,6491,12860,2026-04-09 12:08:56.560000,2026-04-09 12:08:56.560000,18,2026-04-09 12:08:56.560000,18,True
83475,126188,0,3.0,BG2512,FU06688,720,9D4,308,12D1,2179,1,17013,6491,12860,2026-04-09 12:08:56.560000,2026-04-09 12:08:56.560000,18,2026-04-09 12:08:56.560000,18,True
83475,126188,0,3.0,BG2512,FU06688,720,PICKING,308,12D1,2179,1,17013,6491,12860,2026-04-09 12:08:56.560000,2026-04-09 12:08:56.560000,18,2026-04-09 12:08:56.560000,18,True
83475,126188,0,3.0,BG2512,FU06688,720,PICKING,308,12D1,2179,1,17013,6491,12860,2026-04-09 12:08:56.560000,2026-04-09 12:08:56.560000,18,2026-04-09 12:08:56.560000,18,True
83475,126188,0,3.0,BG2512,FU06688,720,PICKING,308,12D1,2179,1,17013,6491,12860,2026-04-09 12:08:56.560000,2026-04-09 12:08:56.560000,18,2026-04-09 12:08:56.560000,18,True
83475,126188,0,3.0,BG2512,FU06688,720,9D4,308,12D1,2179,1,17013,6491,12860,2026-04-09 12:08:56.560000,2026-04-09 12:08:56.560000,18,2026-04-09 12:08:56.560000,18,True
83475,126188,0,3.0,BG2512,FU06688,720,9D4,308,12D1,2179,1,17013,6491,12860,2026-04-09 12:08:56.560000,2026-04-09 12:08:56.560000,18,2026-04-09 12:08:56.560000,18,True
83475,126188,0,3.0,BG2512,FU06688,720,9D4,308,12D1,2179,1,17013,6491,12860,2026-04-09 12:08:56.560000,2026-04-09 12:08:56.560000,18,2026-04-09 12:08:56.560000,18,True
83475,126188,0,3.0,BG2512,FU06688,720,PICKING,308,12D1,2179,1,17013,6491,12860,2026-04-09 12:08:56.560000,2026-04-09 12:08:56.560000,18,2026-04-09 12:08:56.560000,18,True
83475,126188,0,3.0,BG2512,FU06688,720,PICKING,308,12D1,2179,1,17013,6491,12860,2026-04-09 12:08:56.560000,2026-04-09 12:08:56.560000,18,2026-04-09 12:08:56.560000,18,True
83475,126188,0,3.0,BG2512,FU06688,720,PICKING,308,12D1,2179,1,17013,6491,12860,2026-04-09 12:08:56.560000,2026-04-09 12:08:56.560000,18,2026-04-09 12:08:56.560000,18,True
83475,126188,0,3.0,BG2512,FU06688,720,9D4,308,12D1,2179,1,17013,6491,12860,2026-04-09 12:08:56.560000,2026-04-09 12:08:56.560000,18,2026-04-09 12:08:56.560000,18,True
83475,126188,0,3.0,BG2512,FU06688,720,9D4,308,12D1,2179,1,17013,6491,12860,2026-04-09 12:08:56.560000,2026-04-09 12:08:56.560000,18,2026-04-09 12:08:56.560000,18,True
83475,126188,0,3.0,BG2512,FU06688,720,9D4,308,12D1,2179,1,17013,6491,12860,2026-04-09 12:08:56.560000,2026-04-09 12:08:56.560000,18,2026-04-09 12:08:56.560000,18,True
83475,126188,0,3.0,BG2512,FU06688,720,PICKING,308,12D1,2179,1,17013,6491,12860,2026-04-09 12:08:56.560000,2026-04-09 12:08:56.560000,18,2026-04-09 12:08:56.560000,18,True
83475,126188,0,3.0,BG2512,FU06688,720,PICKING,308,12D1,2179,1,17013,6491,12860,2026-04-09 12:08:56.560000,2026-04-09 12:08:56.560000,18,2026-04-09 12:08:56.560000,18,True
83475,126188,0,3.0,BG2512,FU06688,720,PICKING,308,2B2,2179,1,17013,6491,12860,2026-04-09 12:08:56.560000,2026-04-09 12:08:56.560000,18,2026-04-09 12:08:56.560000,18,True
83475,126188,0,3.0,BG2512,FU06688,720,9D4,308,2B2,2179,1,17013,6491,12860,2026-04-09 12:08:56.560000,2026-04-09 12:08:56.560000,18,2026-04-09 12:08:56.560000,18,True
83475,126188,0,3.0,BG2512,FU06688,720,9D4,308,2B2,2179,1,17013,6491,12860,2026-04-09 12:08:56.560000,2026-04-09 12:08:56.560000,18,2026-04-09 12:08:56.560000,18,True
83475,126188,0,3.0,BG2512,FU06688,720,9D4,308,2B2,2179,1,17013,6491,12860,2026-04-09 12:08:56.560000,2026-04-09 12:08:56.560000,18,2026-04-09 12:08:56.560000,18,True
83475,126188,0,3.0,BG2512,FU06688,720,PICKING,308,2B2,2179,1,17013,6491,12860,2026-04-09 12:08:56.560000,2026-04-09 12:08:56.560000,18,2026-04-09 12:08:56.560000,18,True
83475,126188,0,3.0,BG2512,FU06688,720,PICKING,308,2B2,2179,1,17013,6491,12860,2026-04-09 12:08:56.560000,2026-04-09 12:08:56.560000,18,2026-04-09 12:08:56.560000,18,True
83475,126188,0,3.0,BG2512,FU06688,720,PICKING,308,2B2,2179,1,17013,6491,12860,2026-04-09 12:08:56.560000,2026-04-09 12:08:56.560000,18,2026-04-09 12:08:56.560000,18,True
83475,126188,0,3.0,BG2512,FU06688,720,9D4,308,2B2,2179,1,17013,6491,12860,2026-04-09 12:08:56.560000,2026-04-09 12:08:56.560000,18,2026-04-09 12:08:56.560000,18,True
83475,126188,0,3.0,BG2512,FU06688,720,9D4,308,2B2,2179,1,17013,6491,12860,2026-04-09 12:08:56.560000,2026-04-09 12:08:56.560000,18,2026-04-09 12:08:56.560000,18,True
83475,126188,0,3.0,BG2512,FU06688,720,9D4,308,2B2,2179,1,17013,6491,12860,2026-04-09 12:08:56.560000,2026-04-09 12:08:56.560000,18,2026-04-09 12:08:56.560000,18,True
83475,126188,0,3.0,BG2512,FU06688,720,PICKING,308,2B2,2179,1,17013,6491,12860,2026-04-09 12:08:56.560000,2026-04-09 12:08:56.560000,18,2026-04-09 12:08:56.560000,18,True
83475,126188,0,3.0,BG2512,FU06688,720,PICKING,308,2B2,2179,1,17013,6491,12860,2026-04-09 12:08:56.560000,2026-04-09 12:08:56.560000,18,2026-04-09 12:08:56.560000,18,True
83473,126158,0,1.0,BG2512,FU06688,720,PICKING,308,2B2,2179,1,17013,6491,12860,2026-04-09 12:08:56.530000,2026-04-09 12:08:56.547000,18,2026-04-09 12:08:56.547000,18,True
83473,126158,0,1.0,BG2512,FU06688,720,9D4,308,2B2,2179,1,17013,6491,12860,2026-04-09 12:08:56.530000,2026-04-09 12:08:56.547000,18,2026-04-09 12:08:56.547000,18,True
83473,126158,0,1.0,BG2512,FU06688,720,9D4,308,2B2,2179,1,17013,6491,12860,2026-04-09 12:08:56.530000,2026-04-09 12:08:56.547000,18,2026-04-09 12:08:56.547000,18,True
83473,126158,0,1.0,BG2512,FU06688,720,9D4,308,2B2,2179,1,17013,6491,12860,2026-04-09 12:08:56.530000,2026-04-09 12:08:56.547000,18,2026-04-09 12:08:56.547000,18,True
83473,126158,0,1.0,BG2512,FU06688,720,PICKING,308,2B2,2179,1,17013,6491,12860,2026-04-09 12:08:56.530000,2026-04-09 12:08:56.547000,18,2026-04-09 12:08:56.547000,18,True
83473,126158,0,1.0,BG2512,FU06688,720,PICKING,308,2B2,2179,1,17013,6491,12860,2026-04-09 12:08:56.530000,2026-04-09 12:08:56.547000,18,2026-04-09 12:08:56.547000,18,True
83473,126158,0,1.0,BG2512,FU06688,720,PICKING,308,12D1,2179,1,17013,6491,12860,2026-04-09 12:08:56.530000,2026-04-09 12:08:56.547000,18,2026-04-09 12:08:56.547000,18,True
83473,126158,0,1.0,BG2512,FU06688,720,9D4,308,12D1,2179,1,17013,6491,12860,2026-04-09 12:08:56.530000,2026-04-09 12:08:56.547000,18,2026-04-09 12:08:56.547000,18,True
83473,126158,0,1.0,BG2512,FU06688,720,9D4,308,12D1,2179,1,17013,6491,12860,2026-04-09 12:08:56.530000,2026-04-09 12:08:56.547000,18,2026-04-09 12:08:56.547000,18,True
83473,126158,0,1.0,BG2512,FU06688,720,9D4,308,12D1,2179,1,17013,6491,12860,2026-04-09 12:08:56.530000,2026-04-09 12:08:56.547000,18,2026-04-09 12:08:56.547000,18,True
83473,126158,0,1.0,BG2512,FU06688,720,PICKING,308,12D1,2179,1,17013,6491,12860,2026-04-09 12:08:56.530000,2026-04-09 12:08:56.547000,18,2026-04-09 12:08:56.547000,18,True
83473,126158,0,1.0,BG2512,FU06688,720,PICKING,308,12D1,2179,1,17013,6491,12860,2026-04-09 12:08:56.530000,2026-04-09 12:08:56.547000,18,2026-04-09 12:08:56.547000,18,True
83473,126158,0,1.0,BG2512,FU06688,720,PICKING,308,12D1,2179,1,17013,6491,12860,2026-04-09 12:08:56.530000,2026-04-09 12:08:56.547000,18,2026-04-09 12:08:56.547000,18,True
83473,126158,0,1.0,BG2512,FU06688,720,9D4,308,12D1,2179,1,17013,6491,12860,2026-04-09 12:08:56.530000,2026-04-09 12:08:56.547000,18,2026-04-09 12:08:56.547000,18,True
83473,126158,0,1.0,BG2512,FU06688,720,9D4,308,12D1,2179,1,17013,6491,12860,2026-04-09 12:08:56.530000,2026-04-09 12:08:56.547000,18,2026-04-09 12:08:56.547000,18,True
83473,126158,0,1.0,BG2512,FU06688,720,9D4,308,12D1,2179,1,17013,6491,12860,2026-04-09 12:08:56.530000,2026-04-09 12:08:56.547000,18,2026-04-09 12:08:56.547000,18,True
83473,126158,0,1.0,BG2512,FU06688,720,PICKING,308,12D1,2179,1,17013,6491,12860,2026-04-09 12:08:56.530000,2026-04-09 12:08:56.547000,18,2026-04-09 12:08:56.547000,18,True
83473,126158,0,1.0,BG2512,FU06688,720,PICKING,308,12D1,2179,1,17013,6491,12860,2026-04-09 12:08:56.530000,2026-04-09 12:08:56.547000,18,2026-04-09 12:08:56.547000,18,True
83473,126158,0,1.0,BG2512,FU06688,720,PICKING,308,12D1,2179,1,17013,6491,12860,2026-04-09 12:08:56.530000,2026-04-09 12:08:56.547000,18,2026-04-09 12:08:56.547000,18,True
83473,126158,0,1.0,BG2512,FU06688,720,9D4,308,12D1,2179,1,17013,6491,12860,2026-04-09 12:08:56.530000,2026-04-09 12:08:56.547000,18,2026-04-09 12:08:56.547000,18,True
83473,126158,0,1.0,BG2512,FU06688,720,9D4,308,12D1,2179,1,17013,6491,12860,2026-04-09 12:08:56.530000,2026-04-09 12:08:56.547000,18,2026-04-09 12:08:56.547000,18,True
83473,126158,0,1.0,BG2512,FU06688,720,9D4,308,12D1,2179,1,17013,6491,12860,2026-04-09 12:08:56.530000,2026-04-09 12:08:56.547000,18,2026-04-09 12:08:56.547000,18,True
83473,126158,0,1.0,BG2512,FU06688,720,PICKING,308,12D1,2179,1,17013,6491,12860,2026-04-09 12:08:56.530000,2026-04-09 12:08:56.547000,18,2026-04-09 12:08:56.547000,18,True
83473,126158,0,1.0,BG2512,FU06688,720,PICKING,308,12D1,2179,1,17013,6491,12860,2026-04-09 12:08:56.530000,2026-04-09 12:08:56.547000,18,2026-04-09 12:08:56.547000,18,True
83473,126158,0,1.0,BG2512,FU06688,720,PICKING,308,2B2,2179,1,17013,6491,12860,2026-04-09 12:08:56.530000,2026-04-09 12:08:56.547000,18,2026-04-09 12:08:56.547000,18,True
83473,126158,0,1.0,BG2512,FU06688,720,9D4,308,2B2,2179,1,17013,6491,12860,2026-04-09 12:08:56.530000,2026-04-09 12:08:56.547000,18,2026-04-09 12:08:56.547000,18,True
83473,126158,0,1.0,BG2512,FU06688,720,9D4,308,2B2,2179,1,17013,6491,12860,2026-04-09 12:08:56.530000,2026-04-09 12:08:56.547000,18,2026-04-09 12:08:56.547000,18,True
83473,126158,0,1.0,BG2512,FU06688,720,9D4,308,2B2,2179,1,17013,6491,12860,2026-04-09 12:08:56.530000,2026-04-09 12:08:56.547000,18,2026-04-09 12:08:56.547000,18,True
83473,126158,0,1.0,BG2512,FU06688,720,PICKING,308,2B2,2179,1,17013,6491,12860,2026-04-09 12:08:56.530000,2026-04-09 12:08:56.547000,18,2026-04-09 12:08:56.547000,18,True
83473,126158,0,1.0,BG2512,FU06688,720,PICKING,308,2B2,2179,1,17013,6491,12860,2026-04-09 12:08:56.530000,2026-04-09 12:08:56.547000,18,2026-04-09 12:08:56.547000,18,True
83473,126158,0,1.0,BG2512,FU06688,720,PICKING,308,2B2,2179,1,17013,6491,12860,2026-04-09 12:08:56.530000,2026-04-09 12:08:56.547000,18,2026-04-09 12:08:56.547000,18,True
83473,126158,0,1.0,BG2512,FU06688,720,9D4,308,2B2,2179,1,17013,6491,12860,2026-04-09 12:08:56.530000,2026-04-09 12:08:56.547000,18,2026-04-09 12:08:56.547000,18,True
83473,126158,0,1.0,BG2512,FU06688,720,9D4,308,2B2,2179,1,17013,6491,12860,2026-04-09 12:08:56.530000,2026-04-09 12:08:56.547000,18,2026-04-09 12:08:56.547000,18,True
83473,126158,0,1.0,BG2512,FU06688,720,9D4,308,2B2,2179,1,17013,6491,12860,2026-04-09 12:08:56.530000,2026-04-09 12:08:56.547000,18,2026-04-09 12:08:56.547000,18,True
83473,126158,0,1.0,BG2512,FU06688,720,PICKING,308,2B2,2179,1,17013,6491,12860,2026-04-09 12:08:56.530000,2026-04-09 12:08:56.547000,18,2026-04-09 12:08:56.547000,18,True
83473,126158,0,1.0,BG2512,FU06688,720,PICKING,308,2B2,2179,1,17013,6491,12860,2026-04-09 12:08:56.530000,2026-04-09 12:08:56.547000,18,2026-04-09 12:08:56.547000,18,True
83474,126159,0,3.0,BG2512,FU06688,720,PICKING,308,2B2,2179,1,17013,6491,12860,2026-04-09 12:08:56.547000,2026-04-09 12:08:56.547000,18,2026-04-09 12:08:56.547000,18,True
83474,126159,0,3.0,BG2512,FU06688,720,9D4,308,2B2,2179,1,17013,6491,12860,2026-04-09 12:08:56.547000,2026-04-09 12:08:56.547000,18,2026-04-09 12:08:56.547000,18,True
83474,126159,0,3.0,BG2512,FU06688,720,9D4,308,2B2,2179,1,17013,6491,12860,2026-04-09 12:08:56.547000,2026-04-09 12:08:56.547000,18,2026-04-09 12:08:56.547000,18,True
83474,126159,0,3.0,BG2512,FU06688,720,9D4,308,2B2,2179,1,17013,6491,12860,2026-04-09 12:08:56.547000,2026-04-09 12:08:56.547000,18,2026-04-09 12:08:56.547000,18,True
83474,126159,0,3.0,BG2512,FU06688,720,PICKING,308,2B2,2179,1,17013,6491,12860,2026-04-09 12:08:56.547000,2026-04-09 12:08:56.547000,18,2026-04-09 12:08:56.547000,18,True
83474,126159,0,3.0,BG2512,FU06688,720,PICKING,308,2B2,2179,1,17013,6491,12860,2026-04-09 12:08:56.547000,2026-04-09 12:08:56.547000,18,2026-04-09 12:08:56.547000,18,True
83474,126159,0,3.0,BG2512,FU06688,720,PICKING,308,12D1,2179,1,17013,6491,12860,2026-04-09 12:08:56.547000,2026-04-09 12:08:56.547000,18,2026-04-09 12:08:56.547000,18,True
83474,126159,0,3.0,BG2512,FU06688,720,9D4,308,12D1,2179,1,17013,6491,12860,2026-04-09 12:08:56.547000,2026-04-09 12:08:56.547000,18,2026-04-09 12:08:56.547000,18,True
83474,126159,0,3.0,BG2512,FU06688,720,9D4,308,12D1,2179,1,17013,6491,12860,2026-04-09 12:08:56.547000,2026-04-09 12:08:56.547000,18,2026-04-09 12:08:56.547000,18,True
83474,126159,0,3.0,BG2512,FU06688,720,9D4,308,12D1,2179,1,17013,6491,12860,2026-04-09 12:08:56.547000,2026-04-09 12:08:56.547000,18,2026-04-09 12:08:56.547000,18,True
83474,126159,0,3.0,BG2512,FU06688,720,PICKING,308,12D1,2179,1,17013,6491,12860,2026-04-09 12:08:56.547000,2026-04-09 12:08:56.547000,18,2026-04-09 12:08:56.547000,18,True
83474,126159,0,3.0,BG2512,FU06688,720,PICKING,308,12D1,2179,1,17013,6491,12860,2026-04-09 12:08:56.547000,2026-04-09 12:08:56.547000,18,2026-04-09 12:08:56.547000,18,True
83474,126159,0,3.0,BG2512,FU06688,720,PICKING,308,12D1,2179,1,17013,6491,12860,2026-04-09 12:08:56.547000,2026-04-09 12:08:56.547000,18,2026-04-09 12:08:56.547000,18,True
83474,126159,0,3.0,BG2512,FU06688,720,9D4,308,12D1,2179,1,17013,6491,12860,2026-04-09 12:08:56.547000,2026-04-09 12:08:56.547000,18,2026-04-09 12:08:56.547000,18,True
83474,126159,0,3.0,BG2512,FU06688,720,9D4,308,12D1,2179,1,17013,6491,12860,2026-04-09 12:08:56.547000,2026-04-09 12:08:56.547000,18,2026-04-09 12:08:56.547000,18,True
83474,126159,0,3.0,BG2512,FU06688,720,9D4,308,12D1,2179,1,17013,6491,12860,2026-04-09 12:08:56.547000,2026-04-09 12:08:56.547000,18,2026-04-09 12:08:56.547000,18,True
83474,126159,0,3.0,BG2512,FU06688,720,PICKING,308,12D1,2179,1,17013,6491,12860,2026-04-09 12:08:56.547000,2026-04-09 12:08:56.547000,18,2026-04-09 12:08:56.547000,18,True
83474,126159,0,3.0,BG2512,FU06688,720,PICKING,308,12D1,2179,1,17013,6491,12860,2026-04-09 12:08:56.547000,2026-04-09 12:08:56.547000,18,2026-04-09 12:08:56.547000,18,True
83474,126159,0,3.0,BG2512,FU06688,720,PICKING,308,12D1,2179,1,17013,6491,12860,2026-04-09 12:08:56.547000,2026-04-09 12:08:56.547000,18,2026-04-09 12:08:56.547000,18,True
83474,126159,0,3.0,BG2512,FU06688,720,9D4,308,12D1,2179,1,17013,6491,12860,2026-04-09 12:08:56.547000,2026-04-09 12:08:56.547000,18,2026-04-09 12:08:56.547000,18,True
83474,126159,0,3.0,BG2512,FU06688,720,9D4,308,12D1,2179,1,17013,6491,12860,2026-04-09 12:08:56.547000,2026-04-09 12:08:56.547000,18,2026-04-09 12:08:56.547000,18,True
83474,126159,0,3.0,BG2512,FU06688,720,9D4,308,12D1,2179,1,17013,6491,12860,2026-04-09 12:08:56.547000,2026-04-09 12:08:56.547000,18,2026-04-09 12:08:56.547000,18,True
83474,126159,0,3.0,BG2512,FU06688,720,PICKING,308,12D1,2179,1,17013,6491,12860,2026-04-09 12:08:56.547000,2026-04-09 12:08:56.547000,18,2026-04-09 12:08:56.547000,18,True
83474,126159,0,3.0,BG2512,FU06688,720,PICKING,308,12D1,2179,1,17013,6491,12860,2026-04-09 12:08:56.547000,2026-04-09 12:08:56.547000,18,2026-04-09 12:08:56.547000,18,True
83474,126159,0,3.0,BG2512,FU06688,720,PICKING,308,2B2,2179,1,17013,6491,12860,2026-04-09 12:08:56.547000,2026-04-09 12:08:56.547000,18,2026-04-09 12:08:56.547000,18,True
83474,126159,0,3.0,BG2512,FU06688,720,9D4,308,2B2,2179,1,17013,6491,12860,2026-04-09 12:08:56.547000,2026-04-09 12:08:56.547000,18,2026-04-09 12:08:56.547000,18,True
83474,126159,0,3.0,BG2512,FU06688,720,9D4,308,2B2,2179,1,17013,6491,12860,2026-04-09 12:08:56.547000,2026-04-09 12:08:56.547000,18,2026-04-09 12:08:56.547000,18,True
83474,126159,0,3.0,BG2512,FU06688,720,9D4,308,2B2,2179,1,17013,6491,12860,2026-04-09 12:08:56.547000,2026-04-09 12:08:56.547000,18,2026-04-09 12:08:56.547000,18,True
83474,126159,0,3.0,BG2512,FU06688,720,PICKING,308,2B2,2179,1,17013,6491,12860,2026-04-09 12:08:56.547000,2026-04-09 12:08:56.547000,18,2026-04-09 12:08:56.547000,18,True
83474,126159,0,3.0,BG2512,FU06688,720,PICKING,308,2B2,2179,1,17013,6491,12860,2026-04-09 12:08:56.547000,2026-04-09 12:08:56.547000,18,2026-04-09 12:08:56.547000,18,True
83474,126159,0,3.0,BG2512,FU06688,720,PICKING,308,2B2,2179,1,17013,6491,12860,2026-04-09 12:08:56.547000,2026-04-09 12:08:56.547000,18,2026-04-09 12:08:56.547000,18,True
83474,126159,0,3.0,BG2512,FU06688,720,9D4,308,2B2,2179,1,17013,6491,12860,2026-04-09 12:08:56.547000,2026-04-09 12:08:56.547000,18,2026-04-09 12:08:56.547000,18,True
83474,126159,0,3.0,BG2512,FU06688,720,9D4,308,2B2,2179,1,17013,6491,12860,2026-04-09 12:08:56.547000,2026-04-09 12:08:56.547000,18,2026-04-09 12:08:56.547000,18,True
83474,126159,0,3.0,BG2512,FU06688,720,9D4,308,2B2,2179,1,17013,6491,12860,2026-04-09 12:08:56.547000,2026-04-09 12:08:56.547000,18,2026-04-09 12:08:56.547000,18,True
83474,126159,0,3.0,BG2512,FU06688,720,PICKING,308,2B2,2179,1,17013,6491,12860,2026-04-09 12:08:56.547000,2026-04-09 12:08:56.547000,18,2026-04-09 12:08:56.547000,18,True
83474,126159,0,3.0,BG2512,FU06688,720,PICKING,308,2B2,2179,1,17013,6491,12860,2026-04-09 12:08:56.547000,2026-04-09 12:08:56.547000,18,2026-04-09 12:08:56.547000,18,True
73354,112262,0,1.0,BG2512,FU06688,720,PICKING,308,2B2,2179,1,15045,5637,11470,2026-02-28 09:35:53.627000,2026-02-28 09:35:53.633000,18,2026-02-28 09:35:53.633000,18,True
73354,112262,0,1.0,BG2512,FU06688,720,9D4,308,2B2,2179,1,15045,5637,11470,2026-02-28 09:35:53.627000,2026-02-28 09:35:53.633000,18,2026-02-28 09:35:53.633000,18,True
73354,112262,0,1.0,BG2512,FU06688,720,9D4,308,2B2,2179,1,15045,5637,11470,2026-02-28 09:35:53.627000,2026-02-28 09:35:53.633000,18,2026-02-28 09:35:53.633000,18,True
73354,112262,0,1.0,BG2512,FU06688,720,9D4,308,2B2,2179,1,15045,5637,11470,2026-02-28 09:35:53.627000,2026-02-28 09:35:53.633000,18,2026-02-28 09:35:53.633000,18,True
73354,112262,0,1.0,BG2512,FU06688,720,PICKING,308,2B2,2179,1,15045,5637,11470,2026-02-28 09:35:53.627000,2026-02-28 09:35:53.633000,18,2026-02-28 09:35:53.633000,18,True
73354,112262,0,1.0,BG2512,FU06688,720,PICKING,308,2B2,2179,1,15045,5637,11470,2026-02-28 09:35:53.627000,2026-02-28 09:35:53.633000,18,2026-02-28 09:35:53.633000,18,True
73354,112262,0,1.0,BG2512,FU06688,720,PICKING,308,12D1,2179,1,15045,5637,11470,2026-02-28 09:35:53.627000,2026-02-28 09:35:53.633000,18,2026-02-28 09:35:53.633000,18,True
73354,112262,0,1.0,BG2512,FU06688,720,9D4,308,12D1,2179,1,15045,5637,11470,2026-02-28 09:35:53.627000,2026-02-28 09:35:53.633000,18,2026-02-28 09:35:53.633000,18,True
73354,112262,0,1.0,BG2512,FU06688,720,9D4,308,12D1,2179,1,15045,5637,11470,2026-02-28 09:35:53.627000,2026-02-28 09:35:53.633000,18,2026-02-28 09:35:53.633000,18,True
73354,112262,0,1.0,BG2512,FU06688,720,9D4,308,12D1,2179,1,15045,5637,11470,2026-02-28 09:35:53.627000,2026-02-28 09:35:53.633000,18,2026-02-28 09:35:53.633000,18,True
73354,112262,0,1.0,BG2512,FU06688,720,PICKING,308,12D1,2179,1,15045,5637,11470,2026-02-28 09:35:53.627000,2026-02-28 09:35:53.633000,18,2026-02-28 09:35:53.633000,18,True
73354,112262,0,1.0,BG2512,FU06688,720,PICKING,308,12D1,2179,1,15045,5637,11470,2026-02-28 09:35:53.627000,2026-02-28 09:35:53.633000,18,2026-02-28 09:35:53.633000,18,True
73354,112262,0,1.0,BG2512,FU06688,720,PICKING,308,12D1,2179,1,15045,5637,11470,2026-02-28 09:35:53.627000,2026-02-28 09:35:53.633000,18,2026-02-28 09:35:53.633000,18,True
73354,112262,0,1.0,BG2512,FU06688,720,9D4,308,12D1,2179,1,15045,5637,11470,2026-02-28 09:35:53.627000,2026-02-28 09:35:53.633000,18,2026-02-28 09:35:53.633000,18,True
73354,112262,0,1.0,BG2512,FU06688,720,9D4,308,12D1,2179,1,15045,5637,11470,2026-02-28 09:35:53.627000,2026-02-28 09:35:53.633000,18,2026-02-28 09:35:53.633000,18,True
73354,112262,0,1.0,BG2512,FU06688,720,9D4,308,12D1,2179,1,15045,5637,11470,2026-02-28 09:35:53.627000,2026-02-28 09:35:53.633000,18,2026-02-28 09:35:53.633000,18,True
73354,112262,0,1.0,BG2512,FU06688,720,PICKING,308,12D1,2179,1,15045,5637,11470,2026-02-28 09:35:53.627000,2026-02-28 09:35:53.633000,18,2026-02-28 09:35:53.633000,18,True
73354,112262,0,1.0,BG2512,FU06688,720,PICKING,308,12D1,2179,1,15045,5637,11470,2026-02-28 09:35:53.627000,2026-02-28 09:35:53.633000,18,2026-02-28 09:35:53.633000,18,True
73354,112262,0,1.0,BG2512,FU06688,720,PICKING,308,12D1,2179,1,15045,5637,11470,2026-02-28 09:35:53.627000,2026-02-28 09:35:53.633000,18,2026-02-28 09:35:53.633000,18,True
73354,112262,0,1.0,BG2512,FU06688,720,9D4,308,12D1,2179,1,15045,5637,11470,2026-02-28 09:35:53.627000,2026-02-28 09:35:53.633000,18,2026-02-28 09:35:53.633000,18,True
73354,112262,0,1.0,BG2512,FU06688,720,9D4,308,12D1,2179,1,15045,5637,11470,2026-02-28 09:35:53.627000,2026-02-28 09:35:53.633000,18,2026-02-28 09:35:53.633000,18,True
73354,112262,0,1.0,BG2512,FU06688,720,9D4,308,12D1,2179,1,15045,5637,11470,2026-02-28 09:35:53.627000,2026-02-28 09:35:53.633000,18,2026-02-28 09:35:53.633000,18,True
73354,112262,0,1.0,BG2512,FU06688,720,PICKING,308,12D1,2179,1,15045,5637,11470,2026-02-28 09:35:53.627000,2026-02-28 09:35:53.633000,18,2026-02-28 09:35:53.633000,18,True
73354,112262,0,1.0,BG2512,FU06688,720,PICKING,308,12D1,2179,1,15045,5637,11470,2026-02-28 09:35:53.627000,2026-02-28 09:35:53.633000,18,2026-02-28 09:35:53.633000,18,True
73354,112262,0,1.0,BG2512,FU06688,720,PICKING,308,2B2,2179,1,15045,5637,11470,2026-02-28 09:35:53.627000,2026-02-28 09:35:53.633000,18,2026-02-28 09:35:53.633000,18,True
73354,112262,0,1.0,BG2512,FU06688,720,9D4,308,2B2,2179,1,15045,5637,11470,2026-02-28 09:35:53.627000,2026-02-28 09:35:53.633000,18,2026-02-28 09:35:53.633000,18,True
73354,112262,0,1.0,BG2512,FU06688,720,9D4,308,2B2,2179,1,15045,5637,11470,2026-02-28 09:35:53.627000,2026-02-28 09:35:53.633000,18,2026-02-28 09:35:53.633000,18,True
73354,112262,0,1.0,BG2512,FU06688,720,9D4,308,2B2,2179,1,15045,5637,11470,2026-02-28 09:35:53.627000,2026-02-28 09:35:53.633000,18,2026-02-28 09:35:53.633000,18,True
73354,112262,0,1.0,BG2512,FU06688,720,PICKING,308,2B2,2179,1,15045,5637,11470,2026-02-28 09:35:53.627000,2026-02-28 09:35:53.633000,18,2026-02-28 09:35:53.633000,18,True
73354,112262,0,1.0,BG2512,FU06688,720,PICKING,308,2B2,2179,1,15045,5637,11470,2026-02-28 09:35:53.627000,2026-02-28 09:35:53.633000,18,2026-02-28 09:35:53.633000,18,True
73354,112262,0,1.0,BG2512,FU06688,720,PICKING,308,2B2,2179,1,15045,5637,11470,2026-02-28 09:35:53.627000,2026-02-28 09:35:53.633000,18,2026-02-28 09:35:53.633000,18,True
73354,112262,0,1.0,BG2512,FU06688,720,9D4,308,2B2,2179,1,15045,5637,11470,2026-02-28 09:35:53.627000,2026-02-28 09:35:53.633000,18,2026-02-28 09:35:53.633000,18,True
73354,112262,0,1.0,BG2512,FU06688,720,9D4,308,2B2,2179,1,15045,5637,11470,2026-02-28 09:35:53.627000,2026-02-28 09:35:53.633000,18,2026-02-28 09:35:53.633000,18,True
73354,112262,0,1.0,BG2512,FU06688,720,9D4,308,2B2,2179,1,15045,5637,11470,2026-02-28 09:35:53.627000,2026-02-28 09:35:53.633000,18,2026-02-28 09:35:53.633000,18,True
73354,112262,0,1.0,BG2512,FU06688,720,PICKING,308,2B2,2179,1,15045,5637,11470,2026-02-28 09:35:53.627000,2026-02-28 09:35:53.633000,18,2026-02-28 09:35:53.633000,18,True
73354,112262,0,1.0,BG2512,FU06688,720,PICKING,308,2B2,2179,1,15045,5637,11470,2026-02-28 09:35:53.627000,2026-02-28 09:35:53.633000,18,2026-02-28 09:35:53.633000,18,True
72636,111229,0,8.0,BG2512,FU06688,720,PICKING,308,2B2,2179,1,14923,5571,11375,2026-02-25 12:46:46.390000,2026-02-25 12:46:46.397000,18,2026-02-25 12:46:46.397000,18,True
72636,111229,0,8.0,BG2512,FU06688,720,9D4,308,2B2,2179,1,14923,5571,11375,2026-02-25 12:46:46.390000,2026-02-25 12:46:46.397000,18,2026-02-25 12:46:46.397000,18,True
72636,111229,0,8.0,BG2512,FU06688,720,9D4,308,2B2,2179,1,14923,5571,11375,2026-02-25 12:46:46.390000,2026-02-25 12:46:46.397000,18,2026-02-25 12:46:46.397000,18,True
72636,111229,0,8.0,BG2512,FU06688,720,9D4,308,2B2,2179,1,14923,5571,11375,2026-02-25 12:46:46.390000,2026-02-25 12:46:46.397000,18,2026-02-25 12:46:46.397000,18,True
72636,111229,0,8.0,BG2512,FU06688,720,PICKING,308,2B2,2179,1,14923,5571,11375,2026-02-25 12:46:46.390000,2026-02-25 12:46:46.397000,18,2026-02-25 12:46:46.397000,18,True
72636,111229,0,8.0,BG2512,FU06688,720,PICKING,308,2B2,2179,1,14923,5571,11375,2026-02-25 12:46:46.390000,2026-02-25 12:46:46.397000,18,2026-02-25 12:46:46.397000,18,True
72636,111229,0,8.0,BG2512,FU06688,720,PICKING,308,12D1,2179,1,14923,5571,11375,2026-02-25 12:46:46.390000,2026-02-25 12:46:46.397000,18,2026-02-25 12:46:46.397000,18,True
72636,111229,0,8.0,BG2512,FU06688,720,9D4,308,12D1,2179,1,14923,5571,11375,2026-02-25 12:46:46.390000,2026-02-25 12:46:46.397000,18,2026-02-25 12:46:46.397000,18,True
72636,111229,0,8.0,BG2512,FU06688,720,9D4,308,12D1,2179,1,14923,5571,11375,2026-02-25 12:46:46.390000,2026-02-25 12:46:46.397000,18,2026-02-25 12:46:46.397000,18,True
72636,111229,0,8.0,BG2512,FU06688,720,9D4,308,12D1,2179,1,14923,5571,11375,2026-02-25 12:46:46.390000,2026-02-25 12:46:46.397000,18,2026-02-25 12:46:46.397000,18,True
72636,111229,0,8.0,BG2512,FU06688,720,PICKING,308,12D1,2179,1,14923,5571,11375,2026-02-25 12:46:46.390000,2026-02-25 12:46:46.397000,18,2026-02-25 12:46:46.397000,18,True
72636,111229,0,8.0,BG2512,FU06688,720,PICKING,308,12D1,2179,1,14923,5571,11375,2026-02-25 12:46:46.390000,2026-02-25 12:46:46.397000,18,2026-02-25 12:46:46.397000,18,True
72636,111229,0,8.0,BG2512,FU06688,720,PICKING,308,12D1,2179,1,14923,5571,11375,2026-02-25 12:46:46.390000,2026-02-25 12:46:46.397000,18,2026-02-25 12:46:46.397000,18,True
72636,111229,0,8.0,BG2512,FU06688,720,9D4,308,12D1,2179,1,14923,5571,11375,2026-02-25 12:46:46.390000,2026-02-25 12:46:46.397000,18,2026-02-25 12:46:46.397000,18,True
72636,111229,0,8.0,BG2512,FU06688,720,9D4,308,12D1,2179,1,14923,5571,11375,2026-02-25 12:46:46.390000,2026-02-25 12:46:46.397000,18,2026-02-25 12:46:46.397000,18,True
72636,111229,0,8.0,BG2512,FU06688,720,9D4,308,12D1,2179,1,14923,5571,11375,2026-02-25 12:46:46.390000,2026-02-25 12:46:46.397000,18,2026-02-25 12:46:46.397000,18,True
72636,111229,0,8.0,BG2512,FU06688,720,PICKING,308,12D1,2179,1,14923,5571,11375,2026-02-25 12:46:46.390000,2026-02-25 12:46:46.397000,18,2026-02-25 12:46:46.397000,18,True
72636,111229,0,8.0,BG2512,FU06688,720,PICKING,308,12D1,2179,1,14923,5571,11375,2026-02-25 12:46:46.390000,2026-02-25 12:46:46.397000,18,2026-02-25 12:46:46.397000,18,True
72636,111229,0,8.0,BG2512,FU06688,720,PICKING,308,12D1,2179,1,14923,5571,11375,2026-02-25 12:46:46.390000,2026-02-25 12:46:46.397000,18,2026-02-25 12:46:46.397000,18,True
72636,111229,0,8.0,BG2512,FU06688,720,9D4,308,12D1,2179,1,14923,5571,11375,2026-02-25 12:46:46.390000,2026-02-25 12:46:46.397000,18,2026-02-25 12:46:46.397000,18,True
72636,111229,0,8.0,BG2512,FU06688,720,9D4,308,12D1,2179,1,14923,5571,11375,2026-02-25 12:46:46.390000,2026-02-25 12:46:46.397000,18,2026-02-25 12:46:46.397000,18,True
72636,111229,0,8.0,BG2512,FU06688,720,9D4,308,12D1,2179,1,14923,5571,11375,2026-02-25 12:46:46.390000,2026-02-25 12:46:46.397000,18,2026-02-25 12:46:46.397000,18,True
72636,111229,0,8.0,BG2512,FU06688,720,PICKING,308,12D1,2179,1,14923,5571,11375,2026-02-25 12:46:46.390000,2026-02-25 12:46:46.397000,18,2026-02-25 12:46:46.397000,18,True
72636,111229,0,8.0,BG2512,FU06688,720,PICKING,308,12D1,2179,1,14923,5571,11375,2026-02-25 12:46:46.390000,2026-02-25 12:46:46.397000,18,2026-02-25 12:46:46.397000,18,True
72636,111229,0,8.0,BG2512,FU06688,720,PICKING,308,2B2,2179,1,14923,5571,11375,2026-02-25 12:46:46.390000,2026-02-25 12:46:46.397000,18,2026-02-25 12:46:46.397000,18,True
72636,111229,0,8.0,BG2512,FU06688,720,9D4,308,2B2,2179,1,14923,5571,11375,2026-02-25 12:46:46.390000,2026-02-25 12:46:46.397000,18,2026-02-25 12:46:46.397000,18,True
72636,111229,0,8.0,BG2512,FU06688,720,9D4,308,2B2,2179,1,14923,5571,11375,2026-02-25 12:46:46.390000,2026-02-25 12:46:46.397000,18,2026-02-25 12:46:46.397000,18,True
72636,111229,0,8.0,BG2512,FU06688,720,9D4,308,2B2,2179,1,14923,5571,11375,2026-02-25 12:46:46.390000,2026-02-25 12:46:46.397000,18,2026-02-25 12:46:46.397000,18,True
72636,111229,0,8.0,BG2512,FU06688,720,PICKING,308,2B2,2179,1,14923,5571,11375,2026-02-25 12:46:46.390000,2026-02-25 12:46:46.397000,18,2026-02-25 12:46:46.397000,18,True
72636,111229,0,8.0,BG2512,FU06688,720,PICKING,308,2B2,2179,1,14923,5571,11375,2026-02-25 12:46:46.390000,2026-02-25 12:46:46.397000,18,2026-02-25 12:46:46.397000,18,True
72636,111229,0,8.0,BG2512,FU06688,720,PICKING,308,2B2,2179,1,14923,5571,11375,2026-02-25 12:46:46.390000,2026-02-25 12:46:46.397000,18,2026-02-25 12:46:46.397000,18,True
72636,111229,0,8.0,BG2512,FU06688,720,9D4,308,2B2,2179,1,14923,5571,11375,2026-02-25 12:46:46.390000,2026-02-25 12:46:46.397000,18,2026-02-25 12:46:46.397000,18,True
72636,111229,0,8.0,BG2512,FU06688,720,9D4,308,2B2,2179,1,14923,5571,11375,2026-02-25 12:46:46.390000,2026-02-25 12:46:46.397000,18,2026-02-25 12:46:46.397000,18,True
72636,111229,0,8.0,BG2512,FU06688,720,9D4,308,2B2,2179,1,14923,5571,11375,2026-02-25 12:46:46.390000,2026-02-25 12:46:46.397000,18,2026-02-25 12:46:46.397000,18,True
72636,111229,0,8.0,BG2512,FU06688,720,PICKING,308,2B2,2179,1,14923,5571,11375,2026-02-25 12:46:46.390000,2026-02-25 12:46:46.397000,18,2026-02-25 12:46:46.397000,18,True
72636,111229,0,8.0,BG2512,FU06688,720,PICKING,308,2B2,2179,1,14923,5571,11375,2026-02-25 12:46:46.390000,2026-02-25 12:46:46.397000,18,2026-02-25 12:46:46.397000,18,True
68884,104906,0,1.0,BG2512,FU06688,720,PICKING,308,2B2,2179,1,14086,5174,10743,2026-02-11 11:48:31.337000,2026-02-11 11:48:31.353000,18,2026-02-11 11:48:31.353000,18,True
68884,104906,0,1.0,BG2512,FU06688,720,9D4,308,2B2,2179,1,14086,5174,10743,2026-02-11 11:48:31.337000,2026-02-11 11:48:31.353000,18,2026-02-11 11:48:31.353000,18,True
68884,104906,0,1.0,BG2512,FU06688,720,9D4,308,2B2,2179,1,14086,5174,10743,2026-02-11 11:48:31.337000,2026-02-11 11:48:31.353000,18,2026-02-11 11:48:31.353000,18,True
68884,104906,0,1.0,BG2512,FU06688,720,9D4,308,2B2,2179,1,14086,5174,10743,2026-02-11 11:48:31.337000,2026-02-11 11:48:31.353000,18,2026-02-11 11:48:31.353000,18,True
68884,104906,0,1.0,BG2512,FU06688,720,PICKING,308,2B2,2179,1,14086,5174,10743,2026-02-11 11:48:31.337000,2026-02-11 11:48:31.353000,18,2026-02-11 11:48:31.353000,18,True
68884,104906,0,1.0,BG2512,FU06688,720,PICKING,308,2B2,2179,1,14086,5174,10743,2026-02-11 11:48:31.337000,2026-02-11 11:48:31.353000,18,2026-02-11 11:48:31.353000,18,True
68884,104906,0,1.0,BG2512,FU06688,720,PICKING,308,12D1,2179,1,14086,5174,10743,2026-02-11 11:48:31.337000,2026-02-11 11:48:31.353000,18,2026-02-11 11:48:31.353000,18,True
68884,104906,0,1.0,BG2512,FU06688,720,9D4,308,12D1,2179,1,14086,5174,10743,2026-02-11 11:48:31.337000,2026-02-11 11:48:31.353000,18,2026-02-11 11:48:31.353000,18,True
68884,104906,0,1.0,BG2512,FU06688,720,9D4,308,12D1,2179,1,14086,5174,10743,2026-02-11 11:48:31.337000,2026-02-11 11:48:31.353000,18,2026-02-11 11:48:31.353000,18,True
68884,104906,0,1.0,BG2512,FU06688,720,9D4,308,12D1,2179,1,14086,5174,10743,2026-02-11 11:48:31.337000,2026-02-11 11:48:31.353000,18,2026-02-11 11:48:31.353000,18,True
68884,104906,0,1.0,BG2512,FU06688,720,PICKING,308,12D1,2179,1,14086,5174,10743,2026-02-11 11:48:31.337000,2026-02-11 11:48:31.353000,18,2026-02-11 11:48:31.353000,18,True
68884,104906,0,1.0,BG2512,FU06688,720,PICKING,308,12D1,2179,1,14086,5174,10743,2026-02-11 11:48:31.337000,2026-02-11 11:48:31.353000,18,2026-02-11 11:48:31.353000,18,True
68884,104906,0,1.0,BG2512,FU06688,720,PICKING,308,12D1,2179,1,14086,5174,10743,2026-02-11 11:48:31.337000,2026-02-11 11:48:31.353000,18,2026-02-11 11:48:31.353000,18,True
68884,104906,0,1.0,BG2512,FU06688,720,9D4,308,12D1,2179,1,14086,5174,10743,2026-02-11 11:48:31.337000,2026-02-11 11:48:31.353000,18,2026-02-11 11:48:31.353000,18,True
68884,104906,0,1.0,BG2512,FU06688,720,9D4,308,12D1,2179,1,14086,5174,10743,2026-02-11 11:48:31.337000,2026-02-11 11:48:31.353000,18,2026-02-11 11:48:31.353000,18,True
68884,104906,0,1.0,BG2512,FU06688,720,9D4,308,12D1,2179,1,14086,5174,10743,2026-02-11 11:48:31.337000,2026-02-11 11:48:31.353000,18,2026-02-11 11:48:31.353000,18,True
68884,104906,0,1.0,BG2512,FU06688,720,PICKING,308,12D1,2179,1,14086,5174,10743,2026-02-11 11:48:31.337000,2026-02-11 11:48:31.353000,18,2026-02-11 11:48:31.353000,18,True
68884,104906,0,1.0,BG2512,FU06688,720,PICKING,308,12D1,2179,1,14086,5174,10743,2026-02-11 11:48:31.337000,2026-02-11 11:48:31.353000,18,2026-02-11 11:48:31.353000,18,True
68884,104906,0,1.0,BG2512,FU06688,720,PICKING,308,12D1,2179,1,14086,5174,10743,2026-02-11 11:48:31.337000,2026-02-11 11:48:31.353000,18,2026-02-11 11:48:31.353000,18,True
68884,104906,0,1.0,BG2512,FU06688,720,9D4,308,12D1,2179,1,14086,5174,10743,2026-02-11 11:48:31.337000,2026-02-11 11:48:31.353000,18,2026-02-11 11:48:31.353000,18,True
68884,104906,0,1.0,BG2512,FU06688,720,9D4,308,12D1,2179,1,14086,5174,10743,2026-02-11 11:48:31.337000,2026-02-11 11:48:31.353000,18,2026-02-11 11:48:31.353000,18,True
68884,104906,0,1.0,BG2512,FU06688,720,9D4,308,12D1,2179,1,14086,5174,10743,2026-02-11 11:48:31.337000,2026-02-11 11:48:31.353000,18,2026-02-11 11:48:31.353000,18,True
68884,104906,0,1.0,BG2512,FU06688,720,PICKING,308,12D1,2179,1,14086,5174,10743,2026-02-11 11:48:31.337000,2026-02-11 11:48:31.353000,18,2026-02-11 11:48:31.353000,18,True
68884,104906,0,1.0,BG2512,FU06688,720,PICKING,308,12D1,2179,1,14086,5174,10743,2026-02-11 11:48:31.337000,2026-02-11 11:48:31.353000,18,2026-02-11 11:48:31.353000,18,True
68884,104906,0,1.0,BG2512,FU06688,720,PICKING,308,2B2,2179,1,14086,5174,10743,2026-02-11 11:48:31.337000,2026-02-11 11:48:31.353000,18,2026-02-11 11:48:31.353000,18,True
68884,104906,0,1.0,BG2512,FU06688,720,9D4,308,2B2,2179,1,14086,5174,10743,2026-02-11 11:48:31.337000,2026-02-11 11:48:31.353000,18,2026-02-11 11:48:31.353000,18,True
68884,104906,0,1.0,BG2512,FU06688,720,9D4,308,2B2,2179,1,14086,5174,10743,2026-02-11 11:48:31.337000,2026-02-11 11:48:31.353000,18,2026-02-11 11:48:31.353000,18,True
68884,104906,0,1.0,BG2512,FU06688,720,9D4,308,2B2,2179,1,14086,5174,10743,2026-02-11 11:48:31.337000,2026-02-11 11:48:31.353000,18,2026-02-11 11:48:31.353000,18,True
68884,104906,0,1.0,BG2512,FU06688,720,PICKING,308,2B2,2179,1,14086,5174,10743,2026-02-11 11:48:31.337000,2026-02-11 11:48:31.353000,18,2026-02-11 11:48:31.353000,18,True
68884,104906,0,1.0,BG2512,FU06688,720,PICKING,308,2B2,2179,1,14086,5174,10743,2026-02-11 11:48:31.337000,2026-02-11 11:48:31.353000,18,2026-02-11 11:48:31.353000,18,True
68884,104906,0,1.0,BG2512,FU06688,720,PICKING,308,2B2,2179,1,14086,5174,10743,2026-02-11 11:48:31.337000,2026-02-11 11:48:31.353000,18,2026-02-11 11:48:31.353000,18,True
68884,104906,0,1.0,BG2512,FU06688,720,9D4,308,2B2,2179,1,14086,5174,10743,2026-02-11 11:48:31.337000,2026-02-11 11:48:31.353000,18,2026-02-11 11:48:31.353000,18,True
68884,104906,0,1.0,BG2512,FU06688,720,9D4,308,2B2,2179,1,14086,5174,10743,2026-02-11 11:48:31.337000,2026-02-11 11:48:31.353000,18,2026-02-11 11:48:31.353000,18,True
68884,104906,0,1.0,BG2512,FU06688,720,9D4,308,2B2,2179,1,14086,5174,10743,2026-02-11 11:48:31.337000,2026-02-11 11:48:31.353000,18,2026-02-11 11:48:31.353000,18,True
68884,104906,0,1.0,BG2512,FU06688,720,PICKING,308,2B2,2179,1,14086,5174,10743,2026-02-11 11:48:31.337000,2026-02-11 11:48:31.353000,18,2026-02-11 11:48:31.353000,18,True
68884,104906,0,1.0,BG2512,FU06688,720,PICKING,308,2B2,2179,1,14086,5174,10743,2026-02-11 11:48:31.337000,2026-02-11 11:48:31.353000,18,2026-02-11 11:48:31.353000,18,True
68564,104466,0,5.0,BG2512,FU06688,720,PICKING,308,2B2,2179,1,13965,5177,10707,2026-02-10 12:00:05.233000,2026-02-10 12:00:05.233000,18,2026-02-10 12:00:05.233000,18,True
68564,104466,0,5.0,BG2512,FU06688,720,9D4,308,2B2,2179,1,13965,5177,10707,2026-02-10 12:00:05.233000,2026-02-10 12:00:05.233000,18,2026-02-10 12:00:05.233000,18,True
68564,104466,0,5.0,BG2512,FU06688,720,9D4,308,2B2,2179,1,13965,5177,10707,2026-02-10 12:00:05.233000,2026-02-10 12:00:05.233000,18,2026-02-10 12:00:05.233000,18,True
68564,104466,0,5.0,BG2512,FU06688,720,9D4,308,2B2,2179,1,13965,5177,10707,2026-02-10 12:00:05.233000,2026-02-10 12:00:05.233000,18,2026-02-10 12:00:05.233000,18,True
68564,104466,0,5.0,BG2512,FU06688,720,PICKING,308,2B2,2179,1,13965,5177,10707,2026-02-10 12:00:05.233000,2026-02-10 12:00:05.233000,18,2026-02-10 12:00:05.233000,18,True
68564,104466,0,5.0,BG2512,FU06688,720,PICKING,308,2B2,2179,1,13965,5177,10707,2026-02-10 12:00:05.233000,2026-02-10 12:00:05.233000,18,2026-02-10 12:00:05.233000,18,True
68564,104466,0,5.0,BG2512,FU06688,720,PICKING,308,12D1,2179,1,13965,5177,10707,2026-02-10 12:00:05.233000,2026-02-10 12:00:05.233000,18,2026-02-10 12:00:05.233000,18,True
68564,104466,0,5.0,BG2512,FU06688,720,9D4,308,12D1,2179,1,13965,5177,10707,2026-02-10 12:00:05.233000,2026-02-10 12:00:05.233000,18,2026-02-10 12:00:05.233000,18,True
68564,104466,0,5.0,BG2512,FU06688,720,9D4,308,12D1,2179,1,13965,5177,10707,2026-02-10 12:00:05.233000,2026-02-10 12:00:05.233000,18,2026-02-10 12:00:05.233000,18,True
68564,104466,0,5.0,BG2512,FU06688,720,9D4,308,12D1,2179,1,13965,5177,10707,2026-02-10 12:00:05.233000,2026-02-10 12:00:05.233000,18,2026-02-10 12:00:05.233000,18,True
68564,104466,0,5.0,BG2512,FU06688,720,PICKING,308,12D1,2179,1,13965,5177,10707,2026-02-10 12:00:05.233000,2026-02-10 12:00:05.233000,18,2026-02-10 12:00:05.233000,18,True
68564,104466,0,5.0,BG2512,FU06688,720,PICKING,308,12D1,2179,1,13965,5177,10707,2026-02-10 12:00:05.233000,2026-02-10 12:00:05.233000,18,2026-02-10 12:00:05.233000,18,True
68564,104466,0,5.0,BG2512,FU06688,720,PICKING,308,12D1,2179,1,13965,5177,10707,2026-02-10 12:00:05.233000,2026-02-10 12:00:05.233000,18,2026-02-10 12:00:05.233000,18,True
68564,104466,0,5.0,BG2512,FU06688,720,9D4,308,12D1,2179,1,13965,5177,10707,2026-02-10 12:00:05.233000,2026-02-10 12:00:05.233000,18,2026-02-10 12:00:05.233000,18,True
68564,104466,0,5.0,BG2512,FU06688,720,9D4,308,12D1,2179,1,13965,5177,10707,2026-02-10 12:00:05.233000,2026-02-10 12:00:05.233000,18,2026-02-10 12:00:05.233000,18,True
68564,104466,0,5.0,BG2512,FU06688,720,9D4,308,12D1,2179,1,13965,5177,10707,2026-02-10 12:00:05.233000,2026-02-10 12:00:05.233000,18,2026-02-10 12:00:05.233000,18,True
68564,104466,0,5.0,BG2512,FU06688,720,PICKING,308,12D1,2179,1,13965,5177,10707,2026-02-10 12:00:05.233000,2026-02-10 12:00:05.233000,18,2026-02-10 12:00:05.233000,18,True
68564,104466,0,5.0,BG2512,FU06688,720,PICKING,308,12D1,2179,1,13965,5177,10707,2026-02-10 12:00:05.233000,2026-02-10 12:00:05.233000,18,2026-02-10 12:00:05.233000,18,True
68564,104466,0,5.0,BG2512,FU06688,720,PICKING,308,12D1,2179,1,13965,5177,10707,2026-02-10 12:00:05.233000,2026-02-10 12:00:05.233000,18,2026-02-10 12:00:05.233000,18,True
68564,104466,0,5.0,BG2512,FU06688,720,9D4,308,12D1,2179,1,13965,5177,10707,2026-02-10 12:00:05.233000,2026-02-10 12:00:05.233000,18,2026-02-10 12:00:05.233000,18,True
68564,104466,0,5.0,BG2512,FU06688,720,9D4,308,12D1,2179,1,13965,5177,10707,2026-02-10 12:00:05.233000,2026-02-10 12:00:05.233000,18,2026-02-10 12:00:05.233000,18,True
68564,104466,0,5.0,BG2512,FU06688,720,9D4,308,12D1,2179,1,13965,5177,10707,2026-02-10 12:00:05.233000,2026-02-10 12:00:05.233000,18,2026-02-10 12:00:05.233000,18,True
68564,104466,0,5.0,BG2512,FU06688,720,PICKING,308,12D1,2179,1,13965,5177,10707,2026-02-10 12:00:05.233000,2026-02-10 12:00:05.233000,18,2026-02-10 12:00:05.233000,18,True
68564,104466,0,5.0,BG2512,FU06688,720,PICKING,308,12D1,2179,1,13965,5177,10707,2026-02-10 12:00:05.233000,2026-02-10 12:00:05.233000,18,2026-02-10 12:00:05.233000,18,True
68564,104466,0,5.0,BG2512,FU06688,720,PICKING,308,2B2,2179,1,13965,5177,10707,2026-02-10 12:00:05.233000,2026-02-10 12:00:05.233000,18,2026-02-10 12:00:05.233000,18,True
68564,104466,0,5.0,BG2512,FU06688,720,9D4,308,2B2,2179,1,13965,5177,10707,2026-02-10 12:00:05.233000,2026-02-10 12:00:05.233000,18,2026-02-10 12:00:05.233000,18,True
68564,104466,0,5.0,BG2512,FU06688,720,9D4,308,2B2,2179,1,13965,5177,10707,2026-02-10 12:00:05.233000,2026-02-10 12:00:05.233000,18,2026-02-10 12:00:05.233000,18,True
68564,104466,0,5.0,BG2512,FU06688,720,9D4,308,2B2,2179,1,13965,5177,10707,2026-02-10 12:00:05.233000,2026-02-10 12:00:05.233000,18,2026-02-10 12:00:05.233000,18,True
68564,104466,0,5.0,BG2512,FU06688,720,PICKING,308,2B2,2179,1,13965,5177,10707,2026-02-10 12:00:05.233000,2026-02-10 12:00:05.233000,18,2026-02-10 12:00:05.233000,18,True
68564,104466,0,5.0,BG2512,FU06688,720,PICKING,308,2B2,2179,1,13965,5177,10707,2026-02-10 12:00:05.233000,2026-02-10 12:00:05.233000,18,2026-02-10 12:00:05.233000,18,True
68564,104466,0,5.0,BG2512,FU06688,720,PICKING,308,2B2,2179,1,13965,5177,10707,2026-02-10 12:00:05.233000,2026-02-10 12:00:05.233000,18,2026-02-10 12:00:05.233000,18,True
68564,104466,0,5.0,BG2512,FU06688,720,9D4,308,2B2,2179,1,13965,5177,10707,2026-02-10 12:00:05.233000,2026-02-10 12:00:05.233000,18,2026-02-10 12:00:05.233000,18,True
68564,104466,0,5.0,BG2512,FU06688,720,9D4,308,2B2,2179,1,13965,5177,10707,2026-02-10 12:00:05.233000,2026-02-10 12:00:05.233000,18,2026-02-10 12:00:05.233000,18,True
68564,104466,0,5.0,BG2512,FU06688,720,9D4,308,2B2,2179,1,13965,5177,10707,2026-02-10 12:00:05.233000,2026-02-10 12:00:05.233000,18,2026-02-10 12:00:05.233000,18,True
68564,104466,0,5.0,BG2512,FU06688,720,PICKING,308,2B2,2179,1,13965,5177,10707,2026-02-10 12:00:05.233000,2026-02-10 12:00:05.233000,18,2026-02-10 12:00:05.233000,18,True
68564,104466,0,5.0,BG2512,FU06688,720,PICKING,308,2B2,2179,1,13965,5177,10707,2026-02-10 12:00:05.233000,2026-02-10 12:00:05.233000,18,2026-02-10 12:00:05.233000,18,True
